gacc	http://www.customs.gov.cn
nfra	https://www.nfra.gov.cn
cidca	http://www.cidca.gov.cn
gov_counsellors	http://www.counsellor.gov.cn
ggj	http://www.ggj.gov.cn
xinfang	https://www.gjxfj.gov.cn
cass	https://www.cass.cn
cae	https://www.cae.cn
drc	https://www.drc.gov.cn
tobacco	http://www.tobacco.gov.cn
nra	http://www.nra.gov.cn
ncdc	https://www.ndcpa.gov.cn
nmpa	https://www.nmpa.gov.cn
mine_safety	https://www.chinamine-safety.gov.cn
nba	http://www.caea.gov.cn
cpc_org_dept	https://www.12380.gov.cn
cpc_ccdi_nsc	https://www.ccdi.gov.cn
cpc_taiwan_office	http://www.gwytb.gov.cn
pla_daily	http://www.81.cn
acftu	https://www.acftu.org
cylc	https://www.gqt.org.cn
acwf	https://www.women.org.cn
cast	https://www.cast.org.cn
geo.hebei	https://hebei.gov.cn
hebei.fgw	https://fgw.hebei.gov.cn
hebei.edu	https://edu.hebei.gov.cn
hebei.kjt	https://kjt.hebei.gov.cn
hebei.gxt	https://gxt.hebei.gov.cn
hebei.mzw	https://mzw.hebei.gov.cn
hebei.ga	https://ga.hebei.gov.cn
hebei.at	https://at.hebei.gov.cn
hebei.mzt	https://mzt.hebei.gov.cn
hebei.sft	https://sft.hebei.gov.cn
hebei.czt	https://czt.hebei.gov.cn
hebei.hrss	https://hrss.hebei.gov.cn
hebei.zrzyt	https://zrzyt.hebei.gov.cn
hebei.sthjt	https://sthjt.hebei.gov.cn
hebei.zjt	https://zjt.hebei.gov.cn
hebei.jtyst	https://jtyst.hebei.gov.cn
hebei.slt	https://slt.hebei.gov.cn
hebei.nynct	https://nynct.hebei.gov.cn
hebei.swt	https://swt.hebei.gov.cn
hebei.whlyt	https://whlyt.hebei.gov.cn
hebei.wjw	https://wjw.hebei.gov.cn
hebei.tyj	https://tyj.hebei.gov.cn
hebei.yjt	https://yjt.hebei.gov.cn
hebei.sjt	https://sjt.hebei.gov.cn
hebei.wsb	https://wsb.hebei.gov.cn
hebei.gzw	https://gzw.hebei.gov.cn
hebei.scjgj	https://scjgj.hebei.gov.cn
hebei.tjj	https://tjj.hebei.gov.cn
hebei.ybj	https://ybj.hebei.gov.cn
hebei.tyjr	https://tyjr.hebei.gov.cn
hebei.gbdst	https://gbdst.hebei.gov.cn
hebei.jrjgj	https://jrjgj.hebei.gov.cn
hebei.sjaqj	https://sjaqj.hebei.gov.cn
hebei.ylj	https://ylj.hebei.gov.cn
hebei.nyj	https://nyj.hebei.gov.cn
hebei.yjglj	https://yjglj.hebei.gov.cn
hebei.zscqj	https://zscqj.hebei.gov.cn
hebei.xfj	https://xfj.hebei.gov.cn
hebei.jgswglj	https://jgswglj.hebei.gov.cn
hebei.tax	https://tax.hebei.gov.cn
hebei.customs	https://customs.hebei.gov.cn
hebei.pboc_br	https://pboc_br.hebei.gov.cn
hebei.p_office	https://p_office.hebei.gov.cn
hebei.p_org	https://p_org.hebei.gov.cn
hebei.p_prop	https://p_prop.hebei.gov.cn
hebei.p_ufwd	https://p_ufwd.hebei.gov.cn
hebei.p_plac	https://p_plac.hebei.gov.cn
hebei.p_cyber	https://p_cyber.hebei.gov.cn
hebei.p_ccdi	https://p_ccdi.hebei.gov.cn
geo.shanxi	https://shanxi.gov.cn
shanxi.fgw	https://fgw.shanxi.gov.cn
shanxi.edu	https://edu.shanxi.gov.cn
shanxi.kjt	https://kjt.shanxi.gov.cn
shanxi.gxt	https://gxt.shanxi.gov.cn
shanxi.mzw	https://mzw.shanxi.gov.cn
shanxi.ga	https://ga.shanxi.gov.cn
shanxi.at	https://at.shanxi.gov.cn
shanxi.mzt	https://mzt.shanxi.gov.cn
shanxi.sft	https://sft.shanxi.gov.cn
shanxi.czt	https://czt.shanxi.gov.cn
shanxi.hrss	https://hrss.shanxi.gov.cn
shanxi.zrzyt	https://zrzyt.shanxi.gov.cn
shanxi.sthjt	https://sthjt.shanxi.gov.cn
shanxi.zjt	https://zjt.shanxi.gov.cn
shanxi.jtyst	https://jtyst.shanxi.gov.cn
shanxi.slt	https://slt.shanxi.gov.cn
shanxi.nynct	https://nynct.shanxi.gov.cn
shanxi.swt	https://swt.shanxi.gov.cn
shanxi.whlyt	https://whlyt.shanxi.gov.cn
shanxi.wjw	https://wjw.shanxi.gov.cn
shanxi.tyj	https://tyj.shanxi.gov.cn
shanxi.yjt	https://yjt.shanxi.gov.cn
shanxi.sjt	https://sjt.shanxi.gov.cn
shanxi.wsb	https://wsb.shanxi.gov.cn
shanxi.gzw	https://gzw.shanxi.gov.cn
shanxi.scjgj	https://scjgj.shanxi.gov.cn
shanxi.tjj	https://tjj.shanxi.gov.cn
shanxi.ybj	https://ybj.shanxi.gov.cn
shanxi.tyjr	https://tyjr.shanxi.gov.cn
shanxi.gbdst	https://gbdst.shanxi.gov.cn
shanxi.jrjgj	https://jrjgj.shanxi.gov.cn
shanxi.sjaqj	https://sjaqj.shanxi.gov.cn
shanxi.ylj	https://ylj.shanxi.gov.cn
shanxi.nyj	https://nyj.shanxi.gov.cn
shanxi.yjglj	https://yjglj.shanxi.gov.cn
shanxi.zscqj	https://zscqj.shanxi.gov.cn
shanxi.xfj	https://xfj.shanxi.gov.cn
shanxi.jgswglj	https://jgswglj.shanxi.gov.cn
shanxi.tax	https://tax.shanxi.gov.cn
shanxi.customs	https://customs.shanxi.gov.cn
shanxi.pboc_br	https://pboc_br.shanxi.gov.cn
shanxi.p_office	https://p_office.shanxi.gov.cn
shanxi.p_org	https://p_org.shanxi.gov.cn
shanxi.p_prop	https://p_prop.shanxi.gov.cn
shanxi.p_ufwd	https://p_ufwd.shanxi.gov.cn
shanxi.p_plac	https://p_plac.shanxi.gov.cn
shanxi.p_cyber	https://p_cyber.shanxi.gov.cn
shanxi.p_ccdi	https://p_ccdi.shanxi.gov.cn
liaoning.edu	https://edu.ln.gov.cn
liaoning.mzw	https://mzw.ln.gov.cn
liaoning.ga	https://ga.ln.gov.cn
liaoning.at	https://at.ln.gov.cn
liaoning.mzt	https://mzt.ln.gov.cn
liaoning.sft	https://sft.ln.gov.cn
liaoning.hrss	https://hrss.ln.gov.cn
liaoning.zrzyt	https://zrzyt.ln.gov.cn
liaoning.sthjt	https://sthjt.ln.gov.cn
liaoning.zjt	https://zjt.ln.gov.cn
liaoning.jtyst	https://jtyst.ln.gov.cn
liaoning.slt	https://slt.ln.gov.cn
liaoning.nynct	https://nynct.ln.gov.cn
liaoning.whlyt	https://whlyt.ln.gov.cn
liaoning.wjw	https://wjw.ln.gov.cn
liaoning.tyj	https://tyj.ln.gov.cn
liaoning.yjt	https://yjt.ln.gov.cn
liaoning.sjt	https://sjt.ln.gov.cn
liaoning.wsb	https://wsb.ln.gov.cn
liaoning.gzw	https://gzw.ln.gov.cn
liaoning.scjgj	https://scjgj.ln.gov.cn
liaoning.tjj	https://tjj.ln.gov.cn
liaoning.ybj	https://ybj.ln.gov.cn
liaoning.tyjr	https://tyjr.ln.gov.cn
liaoning.gbdst	https://gbdst.ln.gov.cn
liaoning.jrjgj	https://jrjgj.ln.gov.cn
liaoning.sjaqj	https://sjaqj.ln.gov.cn
liaoning.ylj	https://ylj.ln.gov.cn
liaoning.nyj	https://nyj.ln.gov.cn
liaoning.yjglj	https://yjglj.ln.gov.cn
liaoning.zscqj	https://zscqj.ln.gov.cn
liaoning.xfj	https://xfj.ln.gov.cn
liaoning.jgswglj	https://jgswglj.ln.gov.cn
liaoning.tax	https://tax.ln.gov.cn
liaoning.customs	https://customs.ln.gov.cn
liaoning.pboc_br	https://pboc_br.ln.gov.cn
liaoning.p_office	https://p_office.ln.gov.cn
liaoning.p_org	https://p_org.ln.gov.cn
liaoning.p_prop	https://p_prop.ln.gov.cn
liaoning.p_ufwd	https://p_ufwd.ln.gov.cn
liaoning.p_plac	https://p_plac.ln.gov.cn
liaoning.p_cyber	https://p_cyber.ln.gov.cn
liaoning.p_ccdi	https://p_ccdi.ln.gov.cn
jilin.fgw	https://fgw.jl.gov.cn
jilin.edu	https://edu.jl.gov.cn
jilin.mzw	https://mzw.jl.gov.cn
jilin.ga	https://ga.jl.gov.cn
jilin.at	https://at.jl.gov.cn
jilin.mzt	https://mzt.jl.gov.cn
jilin.sft	https://sft.jl.gov.cn
jilin.zrzyt	https://zrzyt.jl.gov.cn
jilin.zjt	https://zjt.jl.gov.cn
jilin.jtyst	https://jtyst.jl.gov.cn
jilin.slt	https://slt.jl.gov.cn
jilin.nynct	https://nynct.jl.gov.cn
jilin.whlyt	https://whlyt.jl.gov.cn
jilin.wjw	https://wjw.jl.gov.cn
jilin.tyj	https://tyj.jl.gov.cn
jilin.yjt	https://yjt.jl.gov.cn
jilin.sjt	https://sjt.jl.gov.cn
jilin.wsb	https://wsb.jl.gov.cn
jilin.gzw	https://gzw.jl.gov.cn
jilin.scjgj	https://scjgj.jl.gov.cn
jilin.tjj	https://tjj.jl.gov.cn
jilin.ybj	https://ybj.jl.gov.cn
jilin.tyjr	https://tyjr.jl.gov.cn
jilin.gbdst	https://gbdst.jl.gov.cn
jilin.jrjgj	https://jrjgj.jl.gov.cn
jilin.sjaqj	https://sjaqj.jl.gov.cn
jilin.ylj	https://ylj.jl.gov.cn
jilin.nyj	https://nyj.jl.gov.cn
jilin.yjglj	https://yjglj.jl.gov.cn
jilin.zscqj	https://zscqj.jl.gov.cn
jilin.xfj	https://xfj.jl.gov.cn
jilin.jgswglj	https://jgswglj.jl.gov.cn
jilin.tax	https://tax.jl.gov.cn
jilin.customs	https://customs.jl.gov.cn
jilin.pboc_br	https://pboc_br.jl.gov.cn
jilin.p_office	https://p_office.jl.gov.cn
jilin.p_org	https://p_org.jl.gov.cn
jilin.p_prop	https://p_prop.jl.gov.cn
jilin.p_ufwd	https://p_ufwd.jl.gov.cn
jilin.p_plac	https://p_plac.jl.gov.cn
jilin.p_cyber	https://p_cyber.jl.gov.cn
jilin.p_ccdi	https://p_ccdi.jl.gov.cn
jiangsu.fgw	https://fgw.jiangsu.gov.cn
jiangsu.edu	https://edu.jiangsu.gov.cn
jiangsu.kjt	https://kjt.jiangsu.gov.cn
jiangsu.mzw	https://mzw.jiangsu.gov.cn
jiangsu.ga	https://ga.jiangsu.gov.cn
jiangsu.at	https://at.jiangsu.gov.cn
jiangsu.hrss	https://hrss.jiangsu.gov.cn
jiangsu.zrzyt	https://zrzyt.jiangsu.gov.cn
jiangsu.zjt	https://zjt.jiangsu.gov.cn
jiangsu.slt	https://slt.jiangsu.gov.cn
jiangsu.swt	https://swt.jiangsu.gov.cn
jiangsu.whlyt	https://whlyt.jiangsu.gov.cn
jiangsu.tyj	https://tyj.jiangsu.gov.cn
jiangsu.yjt	https://yjt.jiangsu.gov.cn
jiangsu.sjt	https://sjt.jiangsu.gov.cn
jiangsu.wsb	https://wsb.jiangsu.gov.cn
jiangsu.gzw	https://gzw.jiangsu.gov.cn
jiangsu.tjj	https://tjj.jiangsu.gov.cn
jiangsu.tyjr	https://tyjr.jiangsu.gov.cn
jiangsu.gbdst	https://gbdst.jiangsu.gov.cn
jiangsu.jrjgj	https://jrjgj.jiangsu.gov.cn
jiangsu.sjaqj	https://sjaqj.jiangsu.gov.cn
jiangsu.ylj	https://ylj.jiangsu.gov.cn
jiangsu.nyj	https://nyj.jiangsu.gov.cn
jiangsu.yjglj	https://yjglj.jiangsu.gov.cn
jiangsu.zscqj	https://zscqj.jiangsu.gov.cn
jiangsu.xfj	https://xfj.jiangsu.gov.cn
jiangsu.jgswglj	https://jgswglj.jiangsu.gov.cn
jiangsu.tax	https://tax.jiangsu.gov.cn
jiangsu.customs	https://customs.jiangsu.gov.cn
jiangsu.pboc_br	https://pboc_br.jiangsu.gov.cn
jiangsu.p_office	https://p_office.jiangsu.gov.cn
jiangsu.p_org	https://p_org.jiangsu.gov.cn
jiangsu.p_prop	https://p_prop.jiangsu.gov.cn
jiangsu.p_ufwd	https://p_ufwd.jiangsu.gov.cn
jiangsu.p_plac	https://p_plac.jiangsu.gov.cn
jiangsu.p_cyber	https://p_cyber.jiangsu.gov.cn
jiangsu.p_ccdi	https://p_ccdi.jiangsu.gov.cn
zhejiang.fgw	https://fgw.zj.gov.cn
zhejiang.edu	https://edu.zj.gov.cn
zhejiang.kjt	https://kjt.zj.gov.cn
zhejiang.gxt	https://gxt.zj.gov.cn
zhejiang.mzw	https://mzw.zj.gov.cn
zhejiang.ga	https://ga.zj.gov.cn
zhejiang.at	https://at.zj.gov.cn
zhejiang.mzt	https://mzt.zj.gov.cn
zhejiang.sft	https://sft.zj.gov.cn
zhejiang.czt	https://czt.zj.gov.cn
zhejiang.hrss	https://hrss.zj.gov.cn
zhejiang.zrzyt	https://zrzyt.zj.gov.cn
zhejiang.sthjt	https://sthjt.zj.gov.cn
zhejiang.zjt	https://zjt.zj.gov.cn
zhejiang.jtyst	https://jtyst.zj.gov.cn
zhejiang.slt	https://slt.zj.gov.cn
zhejiang.nynct	https://nynct.zj.gov.cn
zhejiang.swt	https://swt.zj.gov.cn
zhejiang.whlyt	https://whlyt.zj.gov.cn
zhejiang.wjw	https://wjw.zj.gov.cn
zhejiang.tyj	https://tyj.zj.gov.cn
zhejiang.yjt	https://yjt.zj.gov.cn
zhejiang.sjt	https://sjt.zj.gov.cn
zhejiang.wsb	https://wsb.zj.gov.cn
zhejiang.gzw	https://gzw.zj.gov.cn
zhejiang.scjgj	https://scjgj.zj.gov.cn
zhejiang.tjj	https://tjj.zj.gov.cn
zhejiang.ybj	https://ybj.zj.gov.cn
zhejiang.tyjr	https://tyjr.zj.gov.cn
zhejiang.gbdst	https://gbdst.zj.gov.cn
zhejiang.jrjgj	https://jrjgj.zj.gov.cn
zhejiang.sjaqj	https://sjaqj.zj.gov.cn
zhejiang.ylj	https://ylj.zj.gov.cn
zhejiang.nyj	https://nyj.zj.gov.cn
zhejiang.yjglj	https://yjglj.zj.gov.cn
zhejiang.zscqj	https://zscqj.zj.gov.cn
zhejiang.xfj	https://xfj.zj.gov.cn
zhejiang.jgswglj	https://jgswglj.zj.gov.cn
zhejiang.tax	https://tax.zj.gov.cn
zhejiang.customs	https://customs.zj.gov.cn
zhejiang.pboc_br	https://pboc_br.zj.gov.cn
zhejiang.p_office	https://p_office.zj.gov.cn
zhejiang.p_org	https://p_org.zj.gov.cn
zhejiang.p_prop	https://p_prop.zj.gov.cn
zhejiang.p_ufwd	https://p_ufwd.zj.gov.cn
zhejiang.p_plac	https://p_plac.zj.gov.cn
zhejiang.p_cyber	https://p_cyber.zj.gov.cn
zhejiang.p_ccdi	https://p_ccdi.zj.gov.cn
geo.anhui	https://ah.gov.cn
anhui.fgw	https://fgw.ah.gov.cn
anhui.edu	https://edu.ah.gov.cn
anhui.kjt	https://kjt.ah.gov.cn
anhui.gxt	https://gxt.ah.gov.cn
anhui.mzw	https://mzw.ah.gov.cn
anhui.ga	https://ga.ah.gov.cn
anhui.at	https://at.ah.gov.cn
anhui.mzt	https://mzt.ah.gov.cn
anhui.sft	https://sft.ah.gov.cn
anhui.czt	https://czt.ah.gov.cn
anhui.hrss	https://hrss.ah.gov.cn
anhui.zrzyt	https://zrzyt.ah.gov.cn
anhui.sthjt	https://sthjt.ah.gov.cn
anhui.zjt	https://zjt.ah.gov.cn
anhui.jtyst	https://jtyst.ah.gov.cn
anhui.slt	https://slt.ah.gov.cn
anhui.nynct	https://nynct.ah.gov.cn
anhui.swt	https://swt.ah.gov.cn
anhui.whlyt	https://whlyt.ah.gov.cn
anhui.wjw	https://wjw.ah.gov.cn
anhui.tyj	https://tyj.ah.gov.cn
anhui.yjt	https://yjt.ah.gov.cn
anhui.sjt	https://sjt.ah.gov.cn
anhui.wsb	https://wsb.ah.gov.cn
anhui.gzw	https://gzw.ah.gov.cn
anhui.scjgj	https://scjgj.ah.gov.cn
anhui.tjj	https://tjj.ah.gov.cn
anhui.ybj	https://ybj.ah.gov.cn
anhui.tyjr	https://tyjr.ah.gov.cn
anhui.gbdst	https://gbdst.ah.gov.cn
anhui.jrjgj	https://jrjgj.ah.gov.cn
anhui.sjaqj	https://sjaqj.ah.gov.cn
anhui.ylj	https://ylj.ah.gov.cn
anhui.nyj	https://nyj.ah.gov.cn
anhui.yjglj	https://yjglj.ah.gov.cn
anhui.zscqj	https://zscqj.ah.gov.cn
anhui.xfj	https://xfj.ah.gov.cn
anhui.jgswglj	https://jgswglj.ah.gov.cn
anhui.tax	https://tax.ah.gov.cn
anhui.customs	https://customs.ah.gov.cn
anhui.pboc_br	https://pboc_br.ah.gov.cn
anhui.p_office	https://p_office.ah.gov.cn
anhui.p_org	https://p_org.ah.gov.cn
anhui.p_prop	https://p_prop.ah.gov.cn
anhui.p_ufwd	https://p_ufwd.ah.gov.cn
anhui.p_plac	https://p_plac.ah.gov.cn
anhui.p_cyber	https://p_cyber.ah.gov.cn
anhui.p_ccdi	https://p_ccdi.ah.gov.cn
fujian.edu	https://edu.fujian.gov.cn
fujian.mzw	https://mzw.fujian.gov.cn
fujian.ga	https://ga.fujian.gov.cn
fujian.at	https://at.fujian.gov.cn
fujian.hrss	https://hrss.fujian.gov.cn
fujian.whlyt	https://whlyt.fujian.gov.cn
fujian.wsb	https://wsb.fujian.gov.cn
fujian.tyjr	https://tyjr.fujian.gov.cn
fujian.gbdst	https://gbdst.fujian.gov.cn
fujian.jrjgj	https://jrjgj.fujian.gov.cn
fujian.sjaqj	https://sjaqj.fujian.gov.cn
fujian.ylj	https://ylj.fujian.gov.cn
fujian.nyj	https://nyj.fujian.gov.cn
fujian.yjglj	https://yjglj.fujian.gov.cn
fujian.zscqj	https://zscqj.fujian.gov.cn
fujian.tax	https://tax.fujian.gov.cn
fujian.customs	https://customs.fujian.gov.cn
fujian.pboc_br	https://pboc_br.fujian.gov.cn
fujian.p_office	https://p_office.fujian.gov.cn
fujian.p_org	https://p_org.fujian.gov.cn
fujian.p_prop	https://p_prop.fujian.gov.cn
fujian.p_ufwd	https://p_ufwd.fujian.gov.cn
fujian.p_plac	https://p_plac.fujian.gov.cn
fujian.p_cyber	https://p_cyber.fujian.gov.cn
fujian.p_ccdi	https://p_ccdi.fujian.gov.cn
geo.jiangxi	https://jiangxi.gov.cn
jiangxi.fgw	https://fgw.jiangxi.gov.cn
jiangxi.edu	https://edu.jiangxi.gov.cn
jiangxi.kjt	https://kjt.jiangxi.gov.cn
jiangxi.gxt	https://gxt.jiangxi.gov.cn
jiangxi.mzw	https://mzw.jiangxi.gov.cn
jiangxi.ga	https://ga.jiangxi.gov.cn
jiangxi.at	https://at.jiangxi.gov.cn
jiangxi.mzt	https://mzt.jiangxi.gov.cn
jiangxi.sft	https://sft.jiangxi.gov.cn
jiangxi.czt	https://czt.jiangxi.gov.cn
jiangxi.hrss	https://hrss.jiangxi.gov.cn
jiangxi.zrzyt	https://zrzyt.jiangxi.gov.cn
jiangxi.sthjt	https://sthjt.jiangxi.gov.cn
jiangxi.zjt	https://zjt.jiangxi.gov.cn
jiangxi.jtyst	https://jtyst.jiangxi.gov.cn
jiangxi.slt	https://slt.jiangxi.gov.cn
jiangxi.nynct	https://nynct.jiangxi.gov.cn
jiangxi.swt	https://swt.jiangxi.gov.cn
jiangxi.whlyt	https://whlyt.jiangxi.gov.cn
jiangxi.wjw	https://wjw.jiangxi.gov.cn
jiangxi.tyj	https://tyj.jiangxi.gov.cn
jiangxi.yjt	https://yjt.jiangxi.gov.cn
jiangxi.sjt	https://sjt.jiangxi.gov.cn
jiangxi.wsb	https://wsb.jiangxi.gov.cn
jiangxi.gzw	https://gzw.jiangxi.gov.cn
jiangxi.scjgj	https://scjgj.jiangxi.gov.cn
jiangxi.tjj	https://tjj.jiangxi.gov.cn
jiangxi.ybj	https://ybj.jiangxi.gov.cn
jiangxi.tyjr	https://tyjr.jiangxi.gov.cn
jiangxi.gbdst	https://gbdst.jiangxi.gov.cn
jiangxi.jrjgj	https://jrjgj.jiangxi.gov.cn
jiangxi.sjaqj	https://sjaqj.jiangxi.gov.cn
jiangxi.ylj	https://ylj.jiangxi.gov.cn
jiangxi.nyj	https://nyj.jiangxi.gov.cn
jiangxi.yjglj	https://yjglj.jiangxi.gov.cn
jiangxi.zscqj	https://zscqj.jiangxi.gov.cn
jiangxi.xfj	https://xfj.jiangxi.gov.cn
jiangxi.jgswglj	https://jgswglj.jiangxi.gov.cn
jiangxi.tax	https://tax.jiangxi.gov.cn
jiangxi.customs	https://customs.jiangxi.gov.cn
jiangxi.pboc_br	https://pboc_br.jiangxi.gov.cn
jiangxi.p_office	https://p_office.jiangxi.gov.cn
jiangxi.p_org	https://p_org.jiangxi.gov.cn
jiangxi.p_prop	https://p_prop.jiangxi.gov.cn
jiangxi.p_ufwd	https://p_ufwd.jiangxi.gov.cn
jiangxi.p_plac	https://p_plac.jiangxi.gov.cn
jiangxi.p_cyber	https://p_cyber.jiangxi.gov.cn
jiangxi.p_ccdi	https://p_ccdi.jiangxi.gov.cn
shandong.fgw	https://fgw.shandong.gov.cn
shandong.mzw	https://mzw.shandong.gov.cn
shandong.ga	https://ga.shandong.gov.cn
shandong.at	https://at.shandong.gov.cn
shandong.mzt	https://mzt.shandong.gov.cn
shandong.sft	https://sft.shandong.gov.cn
shandong.hrss	https://hrss.shandong.gov.cn
shandong.zrzyt	https://zrzyt.shandong.gov.cn
shandong.sthjt	https://sthjt.shandong.gov.cn
shandong.zjt	https://zjt.shandong.gov.cn
shandong.jtyst	https://jtyst.shandong.gov.cn
shandong.slt	https://slt.shandong.gov.cn
shandong.nynct	https://nynct.shandong.gov.cn
shandong.swt	https://swt.shandong.gov.cn
shandong.whlyt	https://whlyt.shandong.gov.cn
shandong.wjw	https://wjw.shandong.gov.cn
shandong.tyj	https://tyj.shandong.gov.cn
shandong.yjt	https://yjt.shandong.gov.cn
shandong.sjt	https://sjt.shandong.gov.cn
shandong.wsb	https://wsb.shandong.gov.cn
shandong.gzw	https://gzw.shandong.gov.cn
shandong.scjgj	https://scjgj.shandong.gov.cn
shandong.tjj	https://tjj.shandong.gov.cn
shandong.ybj	https://ybj.shandong.gov.cn
shandong.tyjr	https://tyjr.shandong.gov.cn
shandong.gbdst	https://gbdst.shandong.gov.cn
shandong.jrjgj	https://jrjgj.shandong.gov.cn
shandong.sjaqj	https://sjaqj.shandong.gov.cn
shandong.ylj	https://ylj.shandong.gov.cn
shandong.nyj	https://nyj.shandong.gov.cn
shandong.yjglj	https://yjglj.shandong.gov.cn
shandong.zscqj	https://zscqj.shandong.gov.cn
shandong.xfj	https://xfj.shandong.gov.cn
shandong.jgswglj	https://jgswglj.shandong.gov.cn
shandong.tax	https://tax.shandong.gov.cn
shandong.customs	https://customs.shandong.gov.cn
shandong.pboc_br	https://pboc_br.shandong.gov.cn
shandong.p_office	https://p_office.shandong.gov.cn
shandong.p_org	https://p_org.shandong.gov.cn
shandong.p_prop	https://p_prop.shandong.gov.cn
shandong.p_ufwd	https://p_ufwd.shandong.gov.cn
shandong.p_plac	https://p_plac.shandong.gov.cn
shandong.p_cyber	https://p_cyber.shandong.gov.cn
shandong.p_ccdi	https://p_ccdi.shandong.gov.cn
geo.henan	https://henan.gov.cn
henan.fgw	https://fgw.henan.gov.cn
henan.edu	https://edu.henan.gov.cn
henan.kjt	https://kjt.henan.gov.cn
henan.gxt	https://gxt.henan.gov.cn
henan.mzw	https://mzw.henan.gov.cn
henan.ga	https://ga.henan.gov.cn
henan.at	https://at.henan.gov.cn
henan.mzt	https://mzt.henan.gov.cn
henan.sft	https://sft.henan.gov.cn
henan.czt	https://czt.henan.gov.cn
henan.hrss	https://hrss.henan.gov.cn
henan.zrzyt	https://zrzyt.henan.gov.cn
henan.sthjt	https://sthjt.henan.gov.cn
henan.zjt	https://zjt.henan.gov.cn
henan.jtyst	https://jtyst.henan.gov.cn
henan.slt	https://slt.henan.gov.cn
henan.nynct	https://nynct.henan.gov.cn
henan.swt	https://swt.henan.gov.cn
henan.whlyt	https://whlyt.henan.gov.cn
henan.wjw	https://wjw.henan.gov.cn
henan.tyj	https://tyj.henan.gov.cn
henan.yjt	https://yjt.henan.gov.cn
henan.sjt	https://sjt.henan.gov.cn
henan.wsb	https://wsb.henan.gov.cn
henan.gzw	https://gzw.henan.gov.cn
henan.scjgj	https://scjgj.henan.gov.cn
henan.tjj	https://tjj.henan.gov.cn
henan.ybj	https://ybj.henan.gov.cn
henan.tyjr	https://tyjr.henan.gov.cn
henan.gbdst	https://gbdst.henan.gov.cn
henan.jrjgj	https://jrjgj.henan.gov.cn
henan.sjaqj	https://sjaqj.henan.gov.cn
henan.ylj	https://ylj.henan.gov.cn
henan.nyj	https://nyj.henan.gov.cn
henan.yjglj	https://yjglj.henan.gov.cn
henan.zscqj	https://zscqj.henan.gov.cn
henan.xfj	https://xfj.henan.gov.cn
henan.jgswglj	https://jgswglj.henan.gov.cn
henan.tax	https://tax.henan.gov.cn
henan.customs	https://customs.henan.gov.cn
henan.pboc_br	https://pboc_br.henan.gov.cn
henan.p_office	https://p_office.henan.gov.cn
henan.p_org	https://p_org.henan.gov.cn
henan.p_prop	https://p_prop.henan.gov.cn
henan.p_ufwd	https://p_ufwd.henan.gov.cn
henan.p_plac	https://p_plac.henan.gov.cn
henan.p_cyber	https://p_cyber.henan.gov.cn
henan.p_ccdi	https://p_ccdi.henan.gov.cn
geo.hubei	https://hubei.gov.cn
hubei.fgw	https://fgw.hubei.gov.cn
hubei.edu	https://edu.hubei.gov.cn
hubei.kjt	https://kjt.hubei.gov.cn
hubei.gxt	https://gxt.hubei.gov.cn
hubei.mzw	https://mzw.hubei.gov.cn
hubei.ga	https://ga.hubei.gov.cn
hubei.at	https://at.hubei.gov.cn
hubei.mzt	https://mzt.hubei.gov.cn
hubei.sft	https://sft.hubei.gov.cn
hubei.czt	https://czt.hubei.gov.cn
hubei.hrss	https://hrss.hubei.gov.cn
hubei.zrzyt	https://zrzyt.hubei.gov.cn
hubei.sthjt	https://sthjt.hubei.gov.cn
hubei.zjt	https://zjt.hubei.gov.cn
hubei.jtyst	https://jtyst.hubei.gov.cn
hubei.slt	https://slt.hubei.gov.cn
hubei.nynct	https://nynct.hubei.gov.cn
hubei.swt	https://swt.hubei.gov.cn
hubei.whlyt	https://whlyt.hubei.gov.cn
hubei.wjw	https://wjw.hubei.gov.cn
hubei.tyj	https://tyj.hubei.gov.cn
hubei.yjt	https://yjt.hubei.gov.cn
hubei.sjt	https://sjt.hubei.gov.cn
hubei.wsb	https://wsb.hubei.gov.cn
hubei.gzw	https://gzw.hubei.gov.cn
hubei.scjgj	https://scjgj.hubei.gov.cn
hubei.tjj	https://tjj.hubei.gov.cn
hubei.ybj	https://ybj.hubei.gov.cn
hubei.tyjr	https://tyjr.hubei.gov.cn
hubei.gbdst	https://gbdst.hubei.gov.cn
hubei.jrjgj	https://jrjgj.hubei.gov.cn
hubei.sjaqj	https://sjaqj.hubei.gov.cn
hubei.ylj	https://ylj.hubei.gov.cn
hubei.nyj	https://nyj.hubei.gov.cn
hubei.yjglj	https://yjglj.hubei.gov.cn
hubei.zscqj	https://zscqj.hubei.gov.cn
hubei.xfj	https://xfj.hubei.gov.cn
hubei.jgswglj	https://jgswglj.hubei.gov.cn
hubei.tax	https://tax.hubei.gov.cn
hubei.customs	https://customs.hubei.gov.cn
hubei.pboc_br	https://pboc_br.hubei.gov.cn
hubei.p_office	https://p_office.hubei.gov.cn
hubei.p_org	https://p_org.hubei.gov.cn
hubei.p_prop	https://p_prop.hubei.gov.cn
hubei.p_ufwd	https://p_ufwd.hubei.gov.cn
hubei.p_plac	https://p_plac.hubei.gov.cn
hubei.p_cyber	https://p_cyber.hubei.gov.cn
hubei.p_ccdi	https://p_ccdi.hubei.gov.cn
hunan.edu	https://edu.hunan.gov.cn
hunan.mzw	https://mzw.hunan.gov.cn
hunan.ga	https://ga.hunan.gov.cn
hunan.at	https://at.hunan.gov.cn
hunan.mzt	https://mzt.hunan.gov.cn
hunan.sft	https://sft.hunan.gov.cn
hunan.hrss	https://hrss.hunan.gov.cn
hunan.zjt	https://zjt.hunan.gov.cn
hunan.jtyst	https://jtyst.hunan.gov.cn
hunan.slt	https://slt.hunan.gov.cn
hunan.nynct	https://nynct.hunan.gov.cn
hunan.whlyt	https://whlyt.hunan.gov.cn
hunan.wjw	https://wjw.hunan.gov.cn
hunan.tyj	https://tyj.hunan.gov.cn
hunan.yjt	https://yjt.hunan.gov.cn
hunan.sjt	https://sjt.hunan.gov.cn
hunan.wsb	https://wsb.hunan.gov.cn
hunan.gzw	https://gzw.hunan.gov.cn
hunan.scjgj	https://scjgj.hunan.gov.cn
hunan.tjj	https://tjj.hunan.gov.cn
hunan.ybj	https://ybj.hunan.gov.cn
hunan.tyjr	https://tyjr.hunan.gov.cn
hunan.gbdst	https://gbdst.hunan.gov.cn
hunan.jrjgj	https://jrjgj.hunan.gov.cn
hunan.sjaqj	https://sjaqj.hunan.gov.cn
hunan.ylj	https://ylj.hunan.gov.cn
hunan.nyj	https://nyj.hunan.gov.cn
hunan.yjglj	https://yjglj.hunan.gov.cn
hunan.zscqj	https://zscqj.hunan.gov.cn
hunan.xfj	https://xfj.hunan.gov.cn
hunan.jgswglj	https://jgswglj.hunan.gov.cn
hunan.tax	https://tax.hunan.gov.cn
hunan.customs	https://customs.hunan.gov.cn
hunan.pboc_br	https://pboc_br.hunan.gov.cn
hunan.p_office	https://p_office.hunan.gov.cn
hunan.p_org	https://p_org.hunan.gov.cn
hunan.p_prop	https://p_prop.hunan.gov.cn
hunan.p_ufwd	https://p_ufwd.hunan.gov.cn
hunan.p_plac	https://p_plac.hunan.gov.cn
hunan.p_cyber	https://p_cyber.hunan.gov.cn
hunan.p_ccdi	https://p_ccdi.hunan.gov.cn
geo.hainan	https://hainan.gov.cn
hainan.fgw	https://fgw.hainan.gov.cn
hainan.edu	https://edu.hainan.gov.cn
hainan.kjt	https://kjt.hainan.gov.cn
hainan.gxt	https://gxt.hainan.gov.cn
hainan.mzw	https://mzw.hainan.gov.cn
hainan.ga	https://ga.hainan.gov.cn
hainan.at	https://at.hainan.gov.cn
hainan.mzt	https://mzt.hainan.gov.cn
hainan.sft	https://sft.hainan.gov.cn
hainan.czt	https://czt.hainan.gov.cn
hainan.hrss	https://hrss.hainan.gov.cn
hainan.zrzyt	https://zrzyt.hainan.gov.cn
hainan.sthjt	https://sthjt.hainan.gov.cn
hainan.zjt	https://zjt.hainan.gov.cn
hainan.jtyst	https://jtyst.hainan.gov.cn
hainan.slt	https://slt.hainan.gov.cn
hainan.nynct	https://nynct.hainan.gov.cn
hainan.swt	https://swt.hainan.gov.cn
hainan.whlyt	https://whlyt.hainan.gov.cn
hainan.wjw	https://wjw.hainan.gov.cn
hainan.tyj	https://tyj.hainan.gov.cn
hainan.yjt	https://yjt.hainan.gov.cn
hainan.sjt	https://sjt.hainan.gov.cn
hainan.wsb	https://wsb.hainan.gov.cn
hainan.gzw	https://gzw.hainan.gov.cn
hainan.scjgj	https://scjgj.hainan.gov.cn
hainan.tjj	https://tjj.hainan.gov.cn
hainan.ybj	https://ybj.hainan.gov.cn
hainan.tyjr	https://tyjr.hainan.gov.cn
hainan.gbdst	https://gbdst.hainan.gov.cn
hainan.jrjgj	https://jrjgj.hainan.gov.cn
hainan.sjaqj	https://sjaqj.hainan.gov.cn
hainan.ylj	https://ylj.hainan.gov.cn
hainan.nyj	https://nyj.hainan.gov.cn
hainan.yjglj	https://yjglj.hainan.gov.cn
hainan.zscqj	https://zscqj.hainan.gov.cn
hainan.xfj	https://xfj.hainan.gov.cn
hainan.jgswglj	https://jgswglj.hainan.gov.cn
hainan.tax	https://tax.hainan.gov.cn
hainan.customs	https://customs.hainan.gov.cn
hainan.pboc_br	https://pboc_br.hainan.gov.cn
hainan.p_office	https://p_office.hainan.gov.cn
hainan.p_org	https://p_org.hainan.gov.cn
hainan.p_prop	https://p_prop.hainan.gov.cn
hainan.p_ufwd	https://p_ufwd.hainan.gov.cn
hainan.p_plac	https://p_plac.hainan.gov.cn
hainan.p_cyber	https://p_cyber.hainan.gov.cn
hainan.p_ccdi	https://p_ccdi.hainan.gov.cn
geo.guizhou	https://guizhou.gov.cn
guizhou.fgw	https://fgw.guizhou.gov.cn
guizhou.edu	https://edu.guizhou.gov.cn
guizhou.kjt	https://kjt.guizhou.gov.cn
guizhou.gxt	https://gxt.guizhou.gov.cn
guizhou.mzw	https://mzw.guizhou.gov.cn
guizhou.ga	https://ga.guizhou.gov.cn
guizhou.at	https://at.guizhou.gov.cn
guizhou.mzt	https://mzt.guizhou.gov.cn
guizhou.sft	https://sft.guizhou.gov.cn
guizhou.czt	https://czt.guizhou.gov.cn
guizhou.hrss	https://hrss.guizhou.gov.cn
guizhou.zrzyt	https://zrzyt.guizhou.gov.cn
guizhou.sthjt	https://sthjt.guizhou.gov.cn
guizhou.zjt	https://zjt.guizhou.gov.cn
guizhou.jtyst	https://jtyst.guizhou.gov.cn
guizhou.slt	https://slt.guizhou.gov.cn
guizhou.nynct	https://nynct.guizhou.gov.cn
guizhou.swt	https://swt.guizhou.gov.cn
guizhou.whlyt	https://whlyt.guizhou.gov.cn
guizhou.wjw	https://wjw.guizhou.gov.cn
guizhou.tyj	https://tyj.guizhou.gov.cn
guizhou.yjt	https://yjt.guizhou.gov.cn
guizhou.sjt	https://sjt.guizhou.gov.cn
guizhou.wsb	https://wsb.guizhou.gov.cn
guizhou.gzw	https://gzw.guizhou.gov.cn
guizhou.scjgj	https://scjgj.guizhou.gov.cn
guizhou.tjj	https://tjj.guizhou.gov.cn
guizhou.ybj	https://ybj.guizhou.gov.cn
guizhou.tyjr	https://tyjr.guizhou.gov.cn
guizhou.gbdst	https://gbdst.guizhou.gov.cn
guizhou.jrjgj	https://jrjgj.guizhou.gov.cn
guizhou.sjaqj	https://sjaqj.guizhou.gov.cn
guizhou.ylj	https://ylj.guizhou.gov.cn
guizhou.nyj	https://nyj.guizhou.gov.cn
guizhou.yjglj	https://yjglj.guizhou.gov.cn
guizhou.zscqj	https://zscqj.guizhou.gov.cn
guizhou.xfj	https://xfj.guizhou.gov.cn
guizhou.jgswglj	https://jgswglj.guizhou.gov.cn
guizhou.tax	https://tax.guizhou.gov.cn
guizhou.customs	https://customs.guizhou.gov.cn
guizhou.pboc_br	https://pboc_br.guizhou.gov.cn
guizhou.p_office	https://p_office.guizhou.gov.cn
guizhou.p_org	https://p_org.guizhou.gov.cn
guizhou.p_prop	https://p_prop.guizhou.gov.cn
guizhou.p_ufwd	https://p_ufwd.guizhou.gov.cn
guizhou.p_plac	https://p_plac.guizhou.gov.cn
guizhou.p_cyber	https://p_cyber.guizhou.gov.cn
guizhou.p_ccdi	https://p_ccdi.guizhou.gov.cn
geo.yunnan	https://yn.gov.cn
yunnan.fgw	https://fgw.yn.gov.cn
yunnan.edu	https://edu.yn.gov.cn
yunnan.kjt	https://kjt.yn.gov.cn
yunnan.gxt	https://gxt.yn.gov.cn
yunnan.mzw	https://mzw.yn.gov.cn
yunnan.ga	https://ga.yn.gov.cn
yunnan.at	https://at.yn.gov.cn
yunnan.mzt	https://mzt.yn.gov.cn
yunnan.sft	https://sft.yn.gov.cn
yunnan.czt	https://czt.yn.gov.cn
yunnan.hrss	https://hrss.yn.gov.cn
yunnan.zrzyt	https://zrzyt.yn.gov.cn
yunnan.sthjt	https://sthjt.yn.gov.cn
yunnan.zjt	https://zjt.yn.gov.cn
yunnan.jtyst	https://jtyst.yn.gov.cn
yunnan.slt	https://slt.yn.gov.cn
yunnan.nynct	https://nynct.yn.gov.cn
yunnan.swt	https://swt.yn.gov.cn
yunnan.whlyt	https://whlyt.yn.gov.cn
yunnan.wjw	https://wjw.yn.gov.cn
yunnan.tyj	https://tyj.yn.gov.cn
yunnan.yjt	https://yjt.yn.gov.cn
yunnan.sjt	https://sjt.yn.gov.cn
yunnan.wsb	https://wsb.yn.gov.cn
yunnan.gzw	https://gzw.yn.gov.cn
yunnan.scjgj	https://scjgj.yn.gov.cn
yunnan.tjj	https://tjj.yn.gov.cn
yunnan.ybj	https://ybj.yn.gov.cn
yunnan.tyjr	https://tyjr.yn.gov.cn
yunnan.gbdst	https://gbdst.yn.gov.cn
yunnan.jrjgj	https://jrjgj.yn.gov.cn
yunnan.sjaqj	https://sjaqj.yn.gov.cn
yunnan.ylj	https://ylj.yn.gov.cn
yunnan.nyj	https://nyj.yn.gov.cn
yunnan.yjglj	https://yjglj.yn.gov.cn
yunnan.zscqj	https://zscqj.yn.gov.cn
yunnan.xfj	https://xfj.yn.gov.cn
yunnan.jgswglj	https://jgswglj.yn.gov.cn
yunnan.tax	https://tax.yn.gov.cn
yunnan.customs	https://customs.yn.gov.cn
yunnan.pboc_br	https://pboc_br.yn.gov.cn
yunnan.p_office	https://p_office.yn.gov.cn
yunnan.p_org	https://p_org.yn.gov.cn
yunnan.p_prop	https://p_prop.yn.gov.cn
yunnan.p_ufwd	https://p_ufwd.yn.gov.cn
yunnan.p_plac	https://p_plac.yn.gov.cn
yunnan.p_cyber	https://p_cyber.yn.gov.cn
yunnan.p_ccdi	https://p_ccdi.yn.gov.cn
geo.shaanxi	https://shaanxi.gov.cn
shaanxi.fgw	https://fgw.shaanxi.gov.cn
shaanxi.edu	https://edu.shaanxi.gov.cn
shaanxi.kjt	https://kjt.shaanxi.gov.cn
shaanxi.gxt	https://gxt.shaanxi.gov.cn
shaanxi.mzw	https://mzw.shaanxi.gov.cn
shaanxi.ga	https://ga.shaanxi.gov.cn
shaanxi.at	https://at.shaanxi.gov.cn
shaanxi.mzt	https://mzt.shaanxi.gov.cn
shaanxi.sft	https://sft.shaanxi.gov.cn
shaanxi.czt	https://czt.shaanxi.gov.cn
shaanxi.hrss	https://hrss.shaanxi.gov.cn
shaanxi.zrzyt	https://zrzyt.shaanxi.gov.cn
shaanxi.sthjt	https://sthjt.shaanxi.gov.cn
shaanxi.zjt	https://zjt.shaanxi.gov.cn
shaanxi.jtyst	https://jtyst.shaanxi.gov.cn
shaanxi.slt	https://slt.shaanxi.gov.cn
shaanxi.nynct	https://nynct.shaanxi.gov.cn
shaanxi.swt	https://swt.shaanxi.gov.cn
shaanxi.whlyt	https://whlyt.shaanxi.gov.cn
shaanxi.wjw	https://wjw.shaanxi.gov.cn
shaanxi.tyj	https://tyj.shaanxi.gov.cn
shaanxi.yjt	https://yjt.shaanxi.gov.cn
shaanxi.sjt	https://sjt.shaanxi.gov.cn
shaanxi.wsb	https://wsb.shaanxi.gov.cn
shaanxi.gzw	https://gzw.shaanxi.gov.cn
shaanxi.scjgj	https://scjgj.shaanxi.gov.cn
shaanxi.tjj	https://tjj.shaanxi.gov.cn
shaanxi.ybj	https://ybj.shaanxi.gov.cn
shaanxi.tyjr	https://tyjr.shaanxi.gov.cn
shaanxi.gbdst	https://gbdst.shaanxi.gov.cn
shaanxi.jrjgj	https://jrjgj.shaanxi.gov.cn
shaanxi.sjaqj	https://sjaqj.shaanxi.gov.cn
shaanxi.ylj	https://ylj.shaanxi.gov.cn
shaanxi.nyj	https://nyj.shaanxi.gov.cn
shaanxi.yjglj	https://yjglj.shaanxi.gov.cn
shaanxi.zscqj	https://zscqj.shaanxi.gov.cn
shaanxi.xfj	https://xfj.shaanxi.gov.cn
shaanxi.jgswglj	https://jgswglj.shaanxi.gov.cn
shaanxi.tax	https://tax.shaanxi.gov.cn
shaanxi.customs	https://customs.shaanxi.gov.cn
shaanxi.pboc_br	https://pboc_br.shaanxi.gov.cn
shaanxi.p_office	https://p_office.shaanxi.gov.cn
shaanxi.p_org	https://p_org.shaanxi.gov.cn
shaanxi.p_prop	https://p_prop.shaanxi.gov.cn
shaanxi.p_ufwd	https://p_ufwd.shaanxi.gov.cn
shaanxi.p_plac	https://p_plac.shaanxi.gov.cn
shaanxi.p_cyber	https://p_cyber.shaanxi.gov.cn
shaanxi.p_ccdi	https://p_ccdi.shaanxi.gov.cn
geo.gansu	https://gansu.gov.cn
gansu.fgw	https://fgw.gansu.gov.cn
gansu.edu	https://edu.gansu.gov.cn
gansu.kjt	https://kjt.gansu.gov.cn
gansu.gxt	https://gxt.gansu.gov.cn
gansu.mzw	https://mzw.gansu.gov.cn
gansu.ga	https://ga.gansu.gov.cn
gansu.at	https://at.gansu.gov.cn
gansu.mzt	https://mzt.gansu.gov.cn
gansu.sft	https://sft.gansu.gov.cn
gansu.czt	https://czt.gansu.gov.cn
gansu.hrss	https://hrss.gansu.gov.cn
gansu.zrzyt	https://zrzyt.gansu.gov.cn
gansu.sthjt	https://sthjt.gansu.gov.cn
gansu.zjt	https://zjt.gansu.gov.cn
gansu.jtyst	https://jtyst.gansu.gov.cn
gansu.slt	https://slt.gansu.gov.cn
gansu.nynct	https://nynct.gansu.gov.cn
gansu.swt	https://swt.gansu.gov.cn
gansu.whlyt	https://whlyt.gansu.gov.cn
gansu.wjw	https://wjw.gansu.gov.cn
gansu.tyj	https://tyj.gansu.gov.cn
gansu.yjt	https://yjt.gansu.gov.cn
gansu.sjt	https://sjt.gansu.gov.cn
gansu.wsb	https://wsb.gansu.gov.cn
gansu.gzw	https://gzw.gansu.gov.cn
gansu.scjgj	https://scjgj.gansu.gov.cn
gansu.tjj	https://tjj.gansu.gov.cn
gansu.ybj	https://ybj.gansu.gov.cn
gansu.tyjr	https://tyjr.gansu.gov.cn
gansu.gbdst	https://gbdst.gansu.gov.cn
gansu.jrjgj	https://jrjgj.gansu.gov.cn
gansu.sjaqj	https://sjaqj.gansu.gov.cn
gansu.ylj	https://ylj.gansu.gov.cn
gansu.nyj	https://nyj.gansu.gov.cn
gansu.yjglj	https://yjglj.gansu.gov.cn
gansu.zscqj	https://zscqj.gansu.gov.cn
gansu.xfj	https://xfj.gansu.gov.cn
gansu.jgswglj	https://jgswglj.gansu.gov.cn
gansu.tax	https://tax.gansu.gov.cn
gansu.customs	https://customs.gansu.gov.cn
gansu.pboc_br	https://pboc_br.gansu.gov.cn
gansu.p_office	https://p_office.gansu.gov.cn
gansu.p_org	https://p_org.gansu.gov.cn
gansu.p_prop	https://p_prop.gansu.gov.cn
gansu.p_ufwd	https://p_ufwd.gansu.gov.cn
gansu.p_plac	https://p_plac.gansu.gov.cn
gansu.p_cyber	https://p_cyber.gansu.gov.cn
gansu.p_ccdi	https://p_ccdi.gansu.gov.cn
qinghai.fgw	https://fgw.qinghai.gov.cn
qinghai.edu	https://edu.qinghai.gov.cn
qinghai.kjt	https://kjt.qinghai.gov.cn
qinghai.gxt	https://gxt.qinghai.gov.cn
qinghai.mzw	https://mzw.qinghai.gov.cn
qinghai.ga	https://ga.qinghai.gov.cn
qinghai.at	https://at.qinghai.gov.cn
qinghai.mzt	https://mzt.qinghai.gov.cn
qinghai.sft	https://sft.qinghai.gov.cn
qinghai.czt	https://czt.qinghai.gov.cn
qinghai.hrss	https://hrss.qinghai.gov.cn
qinghai.zrzyt	https://zrzyt.qinghai.gov.cn
qinghai.sthjt	https://sthjt.qinghai.gov.cn
qinghai.zjt	https://zjt.qinghai.gov.cn
qinghai.jtyst	https://jtyst.qinghai.gov.cn
qinghai.slt	https://slt.qinghai.gov.cn
qinghai.nynct	https://nynct.qinghai.gov.cn
qinghai.swt	https://swt.qinghai.gov.cn
qinghai.whlyt	https://whlyt.qinghai.gov.cn
qinghai.wjw	https://wjw.qinghai.gov.cn
qinghai.tyj	https://tyj.qinghai.gov.cn
qinghai.yjt	https://yjt.qinghai.gov.cn
qinghai.sjt	https://sjt.qinghai.gov.cn
qinghai.wsb	https://wsb.qinghai.gov.cn
qinghai.gzw	https://gzw.qinghai.gov.cn
qinghai.scjgj	https://scjgj.qinghai.gov.cn
qinghai.tjj	https://tjj.qinghai.gov.cn
qinghai.ybj	https://ybj.qinghai.gov.cn
qinghai.tyjr	https://tyjr.qinghai.gov.cn
qinghai.gbdst	https://gbdst.qinghai.gov.cn
qinghai.jrjgj	https://jrjgj.qinghai.gov.cn
qinghai.sjaqj	https://sjaqj.qinghai.gov.cn
qinghai.ylj	https://ylj.qinghai.gov.cn
qinghai.nyj	https://nyj.qinghai.gov.cn
qinghai.yjglj	https://yjglj.qinghai.gov.cn
qinghai.zscqj	https://zscqj.qinghai.gov.cn
qinghai.xfj	https://xfj.qinghai.gov.cn
qinghai.jgswglj	https://jgswglj.qinghai.gov.cn
qinghai.tax	https://tax.qinghai.gov.cn
qinghai.customs	https://customs.qinghai.gov.cn
qinghai.pboc_br	https://pboc_br.qinghai.gov.cn
qinghai.p_office	https://p_office.qinghai.gov.cn
qinghai.p_org	https://p_org.qinghai.gov.cn
qinghai.p_prop	https://p_prop.qinghai.gov.cn
qinghai.p_ufwd	https://p_ufwd.qinghai.gov.cn
qinghai.p_plac	https://p_plac.qinghai.gov.cn
qinghai.p_cyber	https://p_cyber.qinghai.gov.cn
qinghai.p_ccdi	https://p_ccdi.qinghai.gov.cn
geo.innermongolia	https://nmg.gov.cn
innermongolia.fgw	https://fgw.nmg.gov.cn
innermongolia.edu	https://edu.nmg.gov.cn
innermongolia.kjt	https://kjt.nmg.gov.cn
innermongolia.gxt	https://gxt.nmg.gov.cn
innermongolia.mzw	https://mzw.nmg.gov.cn
innermongolia.ga	https://ga.nmg.gov.cn
innermongolia.at	https://at.nmg.gov.cn
innermongolia.mzt	https://mzt.nmg.gov.cn
innermongolia.sft	https://sft.nmg.gov.cn
innermongolia.czt	https://czt.nmg.gov.cn
innermongolia.hrss	https://hrss.nmg.gov.cn
innermongolia.zrzyt	https://zrzyt.nmg.gov.cn
innermongolia.sthjt	https://sthjt.nmg.gov.cn
innermongolia.zjt	https://zjt.nmg.gov.cn
innermongolia.jtyst	https://jtyst.nmg.gov.cn
innermongolia.slt	https://slt.nmg.gov.cn
innermongolia.nynct	https://nynct.nmg.gov.cn
innermongolia.swt	https://swt.nmg.gov.cn
innermongolia.whlyt	https://whlyt.nmg.gov.cn
innermongolia.wjw	https://wjw.nmg.gov.cn
innermongolia.tyj	https://tyj.nmg.gov.cn
innermongolia.yjt	https://yjt.nmg.gov.cn
innermongolia.sjt	https://sjt.nmg.gov.cn
innermongolia.wsb	https://wsb.nmg.gov.cn
innermongolia.gzw	https://gzw.nmg.gov.cn
innermongolia.scjgj	https://scjgj.nmg.gov.cn
innermongolia.tjj	https://tjj.nmg.gov.cn
innermongolia.ybj	https://ybj.nmg.gov.cn
innermongolia.tyjr	https://tyjr.nmg.gov.cn
innermongolia.gbdst	https://gbdst.nmg.gov.cn
innermongolia.jrjgj	https://jrjgj.nmg.gov.cn
innermongolia.sjaqj	https://sjaqj.nmg.gov.cn
innermongolia.ylj	https://ylj.nmg.gov.cn
innermongolia.nyj	https://nyj.nmg.gov.cn
innermongolia.yjglj	https://yjglj.nmg.gov.cn
innermongolia.zscqj	https://zscqj.nmg.gov.cn
innermongolia.xfj	https://xfj.nmg.gov.cn
innermongolia.jgswglj	https://jgswglj.nmg.gov.cn
innermongolia.tax	https://tax.nmg.gov.cn
innermongolia.customs	https://customs.nmg.gov.cn
innermongolia.pboc_br	https://pboc_br.nmg.gov.cn
innermongolia.p_office	https://p_office.nmg.gov.cn
innermongolia.p_org	https://p_org.nmg.gov.cn
innermongolia.p_prop	https://p_prop.nmg.gov.cn
innermongolia.p_ufwd	https://p_ufwd.nmg.gov.cn
innermongolia.p_plac	https://p_plac.nmg.gov.cn
innermongolia.p_cyber	https://p_cyber.nmg.gov.cn
innermongolia.p_ccdi	https://p_ccdi.nmg.gov.cn
geo.guangxi	https://gxzf.gov.cn
guangxi.fgw	https://fgw.gxzf.gov.cn
guangxi.edu	https://edu.gxzf.gov.cn
guangxi.kjt	https://kjt.gxzf.gov.cn
guangxi.gxt	https://gxt.gxzf.gov.cn
guangxi.mzw	https://mzw.gxzf.gov.cn
guangxi.ga	https://ga.gxzf.gov.cn
guangxi.at	https://at.gxzf.gov.cn
guangxi.mzt	https://mzt.gxzf.gov.cn
guangxi.sft	https://sft.gxzf.gov.cn
guangxi.czt	https://czt.gxzf.gov.cn
guangxi.hrss	https://hrss.gxzf.gov.cn
guangxi.zrzyt	https://zrzyt.gxzf.gov.cn
guangxi.sthjt	https://sthjt.gxzf.gov.cn
guangxi.zjt	https://zjt.gxzf.gov.cn
guangxi.jtyst	https://jtyst.gxzf.gov.cn
guangxi.slt	https://slt.gxzf.gov.cn
guangxi.nynct	https://nynct.gxzf.gov.cn
guangxi.swt	https://swt.gxzf.gov.cn
guangxi.whlyt	https://whlyt.gxzf.gov.cn
guangxi.wjw	https://wjw.gxzf.gov.cn
guangxi.tyj	https://tyj.gxzf.gov.cn
guangxi.yjt	https://yjt.gxzf.gov.cn
guangxi.sjt	https://sjt.gxzf.gov.cn
guangxi.wsb	https://wsb.gxzf.gov.cn
guangxi.gzw	https://gzw.gxzf.gov.cn
guangxi.scjgj	https://scjgj.gxzf.gov.cn
guangxi.tjj	https://tjj.gxzf.gov.cn
guangxi.ybj	https://ybj.gxzf.gov.cn
guangxi.tyjr	https://tyjr.gxzf.gov.cn
guangxi.gbdst	https://gbdst.gxzf.gov.cn
guangxi.jrjgj	https://jrjgj.gxzf.gov.cn
guangxi.sjaqj	https://sjaqj.gxzf.gov.cn
guangxi.ylj	https://ylj.gxzf.gov.cn
guangxi.nyj	https://nyj.gxzf.gov.cn
guangxi.yjglj	https://yjglj.gxzf.gov.cn
guangxi.zscqj	https://zscqj.gxzf.gov.cn
guangxi.xfj	https://xfj.gxzf.gov.cn
guangxi.jgswglj	https://jgswglj.gxzf.gov.cn
guangxi.tax	https://tax.gxzf.gov.cn
guangxi.customs	https://customs.gxzf.gov.cn
guangxi.pboc_br	https://pboc_br.gxzf.gov.cn
guangxi.p_office	https://p_office.gxzf.gov.cn
guangxi.p_org	https://p_org.gxzf.gov.cn
guangxi.p_prop	https://p_prop.gxzf.gov.cn
guangxi.p_ufwd	https://p_ufwd.gxzf.gov.cn
guangxi.p_plac	https://p_plac.gxzf.gov.cn
guangxi.p_cyber	https://p_cyber.gxzf.gov.cn
guangxi.p_ccdi	https://p_ccdi.gxzf.gov.cn
tibet.fgw	https://fgw.xizang.gov.cn
tibet.edu	https://edu.xizang.gov.cn
tibet.kjt	https://kjt.xizang.gov.cn
tibet.gxt	https://gxt.xizang.gov.cn
tibet.mzw	https://mzw.xizang.gov.cn
tibet.ga	https://ga.xizang.gov.cn
tibet.at	https://at.xizang.gov.cn
tibet.czt	https://czt.xizang.gov.cn
tibet.sthjt	https://sthjt.xizang.gov.cn
tibet.zjt	https://zjt.xizang.gov.cn
tibet.jtyst	https://jtyst.xizang.gov.cn
tibet.slt	https://slt.xizang.gov.cn
tibet.whlyt	https://whlyt.xizang.gov.cn
tibet.tyj	https://tyj.xizang.gov.cn
tibet.yjt	https://yjt.xizang.gov.cn
tibet.wsb	https://wsb.xizang.gov.cn
tibet.gzw	https://gzw.xizang.gov.cn
tibet.scjgj	https://scjgj.xizang.gov.cn
tibet.ybj	https://ybj.xizang.gov.cn
tibet.gbdst	https://gbdst.xizang.gov.cn
tibet.jrjgj	https://jrjgj.xizang.gov.cn
tibet.sjaqj	https://sjaqj.xizang.gov.cn
tibet.ylj	https://ylj.xizang.gov.cn
tibet.nyj	https://nyj.xizang.gov.cn
tibet.yjglj	https://yjglj.xizang.gov.cn
tibet.zscqj	https://zscqj.xizang.gov.cn
tibet.xfj	https://xfj.xizang.gov.cn
tibet.jgswglj	https://jgswglj.xizang.gov.cn
tibet.tax	https://tax.xizang.gov.cn
tibet.customs	https://customs.xizang.gov.cn
tibet.pboc_br	https://pboc_br.xizang.gov.cn
tibet.p_office	https://p_office.xizang.gov.cn
tibet.p_org	https://p_org.xizang.gov.cn
tibet.p_prop	https://p_prop.xizang.gov.cn
tibet.p_ufwd	https://p_ufwd.xizang.gov.cn
tibet.p_plac	https://p_plac.xizang.gov.cn
tibet.p_cyber	https://p_cyber.xizang.gov.cn
tibet.p_ccdi	https://p_ccdi.xizang.gov.cn
ningxia.fgw	https://fgw.nx.gov.cn
ningxia.edu	https://edu.nx.gov.cn
ningxia.mzw	https://mzw.nx.gov.cn
ningxia.ga	https://ga.nx.gov.cn
ningxia.at	https://at.nx.gov.cn
ningxia.mzt	https://mzt.nx.gov.cn
ningxia.zjt	https://zjt.nx.gov.cn
ningxia.jtyst	https://jtyst.nx.gov.cn
ningxia.slt	https://slt.nx.gov.cn
ningxia.swt	https://swt.nx.gov.cn
ningxia.whlyt	https://whlyt.nx.gov.cn
ningxia.wjw	https://wjw.nx.gov.cn
ningxia.tyj	https://tyj.nx.gov.cn
ningxia.yjt	https://yjt.nx.gov.cn
ningxia.wsb	https://wsb.nx.gov.cn
ningxia.gzw	https://gzw.nx.gov.cn
ningxia.scjgj	https://scjgj.nx.gov.cn
ningxia.tjj	https://tjj.nx.gov.cn
ningxia.ybj	https://ybj.nx.gov.cn
ningxia.tyjr	https://tyjr.nx.gov.cn
ningxia.gbdst	https://gbdst.nx.gov.cn
ningxia.jrjgj	https://jrjgj.nx.gov.cn
ningxia.sjaqj	https://sjaqj.nx.gov.cn
ningxia.ylj	https://ylj.nx.gov.cn
ningxia.nyj	https://nyj.nx.gov.cn
ningxia.yjglj	https://yjglj.nx.gov.cn
ningxia.zscqj	https://zscqj.nx.gov.cn
ningxia.xfj	https://xfj.nx.gov.cn
ningxia.jgswglj	https://jgswglj.nx.gov.cn
ningxia.tax	https://tax.nx.gov.cn
ningxia.customs	https://customs.nx.gov.cn
ningxia.pboc_br	https://pboc_br.nx.gov.cn
ningxia.p_office	https://p_office.nx.gov.cn
ningxia.p_org	https://p_org.nx.gov.cn
ningxia.p_prop	https://p_prop.nx.gov.cn
ningxia.p_ufwd	https://p_ufwd.nx.gov.cn
ningxia.p_plac	https://p_plac.nx.gov.cn
ningxia.p_cyber	https://p_cyber.nx.gov.cn
ningxia.p_ccdi	https://p_ccdi.nx.gov.cn
xinjiang.fgw	https://fgw.xinjiang.gov.cn
xinjiang.edu	https://edu.xinjiang.gov.cn
xinjiang.kjt	https://kjt.xinjiang.gov.cn
xinjiang.gxt	https://gxt.xinjiang.gov.cn
xinjiang.mzw	https://mzw.xinjiang.gov.cn
xinjiang.ga	https://ga.xinjiang.gov.cn
xinjiang.at	https://at.xinjiang.gov.cn
xinjiang.mzt	https://mzt.xinjiang.gov.cn
xinjiang.sft	https://sft.xinjiang.gov.cn
xinjiang.czt	https://czt.xinjiang.gov.cn
xinjiang.hrss	https://hrss.xinjiang.gov.cn
xinjiang.zrzyt	https://zrzyt.xinjiang.gov.cn
xinjiang.sthjt	https://sthjt.xinjiang.gov.cn
xinjiang.zjt	https://zjt.xinjiang.gov.cn
xinjiang.jtyst	https://jtyst.xinjiang.gov.cn
xinjiang.slt	https://slt.xinjiang.gov.cn
xinjiang.nynct	https://nynct.xinjiang.gov.cn
xinjiang.swt	https://swt.xinjiang.gov.cn
xinjiang.whlyt	https://whlyt.xinjiang.gov.cn
xinjiang.wjw	https://wjw.xinjiang.gov.cn
xinjiang.tyj	https://tyj.xinjiang.gov.cn
xinjiang.yjt	https://yjt.xinjiang.gov.cn
xinjiang.sjt	https://sjt.xinjiang.gov.cn
xinjiang.wsb	https://wsb.xinjiang.gov.cn
xinjiang.gzw	https://gzw.xinjiang.gov.cn
xinjiang.scjgj	https://scjgj.xinjiang.gov.cn
xinjiang.tjj	https://tjj.xinjiang.gov.cn
xinjiang.ybj	https://ybj.xinjiang.gov.cn
xinjiang.tyjr	https://tyjr.xinjiang.gov.cn
xinjiang.gbdst	https://gbdst.xinjiang.gov.cn
xinjiang.jrjgj	https://jrjgj.xinjiang.gov.cn
xinjiang.sjaqj	https://sjaqj.xinjiang.gov.cn
xinjiang.ylj	https://ylj.xinjiang.gov.cn
xinjiang.nyj	https://nyj.xinjiang.gov.cn
xinjiang.yjglj	https://yjglj.xinjiang.gov.cn
xinjiang.zscqj	https://zscqj.xinjiang.gov.cn
xinjiang.xfj	https://xfj.xinjiang.gov.cn
xinjiang.jgswglj	https://jgswglj.xinjiang.gov.cn
xinjiang.tax	https://tax.xinjiang.gov.cn
xinjiang.customs	https://customs.xinjiang.gov.cn
xinjiang.pboc_br	https://pboc_br.xinjiang.gov.cn
xinjiang.p_office	https://p_office.xinjiang.gov.cn
xinjiang.p_org	https://p_org.xinjiang.gov.cn
xinjiang.p_prop	https://p_prop.xinjiang.gov.cn
xinjiang.p_ufwd	https://p_ufwd.xinjiang.gov.cn
xinjiang.p_plac	https://p_plac.xinjiang.gov.cn
xinjiang.p_cyber	https://p_cyber.xinjiang.gov.cn
xinjiang.p_ccdi	https://p_ccdi.xinjiang.gov.cn
shanghai.fgw	https://fgw.shanghai.gov.cn
shanghai.edu	https://edu.shanghai.gov.cn
shanghai.kjt	https://kjt.shanghai.gov.cn
shanghai.gxt	https://gxt.shanghai.gov.cn
shanghai.mzw	https://mzw.shanghai.gov.cn
shanghai.ga	https://ga.shanghai.gov.cn
shanghai.at	https://at.shanghai.gov.cn
shanghai.mzt	https://mzt.shanghai.gov.cn
shanghai.sft	https://sft.shanghai.gov.cn
shanghai.czt	https://czt.shanghai.gov.cn
shanghai.hrss	https://hrss.shanghai.gov.cn
shanghai.zrzyt	https://zrzyt.shanghai.gov.cn
shanghai.sthjt	https://sthjt.shanghai.gov.cn
shanghai.zjt	https://zjt.shanghai.gov.cn
shanghai.jtyst	https://jtyst.shanghai.gov.cn
shanghai.slt	https://slt.shanghai.gov.cn
shanghai.nynct	https://nynct.shanghai.gov.cn
shanghai.swt	https://swt.shanghai.gov.cn
shanghai.whlyt	https://whlyt.shanghai.gov.cn
shanghai.wjw	https://wjw.shanghai.gov.cn
shanghai.tyj	https://tyj.shanghai.gov.cn
shanghai.yjt	https://yjt.shanghai.gov.cn
shanghai.sjt	https://sjt.shanghai.gov.cn
shanghai.wsb	https://wsb.shanghai.gov.cn
shanghai.gzw	https://gzw.shanghai.gov.cn
shanghai.scjgj	https://scjgj.shanghai.gov.cn
shanghai.tjj	https://tjj.shanghai.gov.cn
shanghai.ybj	https://ybj.shanghai.gov.cn
shanghai.tyjr	https://tyjr.shanghai.gov.cn
shanghai.gbdst	https://gbdst.shanghai.gov.cn
shanghai.jrjgj	https://jrjgj.shanghai.gov.cn
shanghai.sjaqj	https://sjaqj.shanghai.gov.cn
shanghai.ylj	https://ylj.shanghai.gov.cn
shanghai.nyj	https://nyj.shanghai.gov.cn
shanghai.yjglj	https://yjglj.shanghai.gov.cn
shanghai.zscqj	https://zscqj.shanghai.gov.cn
shanghai.xfj	https://xfj.shanghai.gov.cn
shanghai.jgswglj	https://jgswglj.shanghai.gov.cn
shanghai.tax	https://tax.shanghai.gov.cn
shanghai.customs	https://customs.shanghai.gov.cn
shanghai.pboc_br	https://pboc_br.shanghai.gov.cn
shanghai.p_office	https://p_office.shanghai.gov.cn
shanghai.p_org	https://p_org.shanghai.gov.cn
shanghai.p_prop	https://p_prop.shanghai.gov.cn
shanghai.p_ufwd	https://p_ufwd.shanghai.gov.cn
shanghai.p_plac	https://p_plac.shanghai.gov.cn
shanghai.p_cyber	https://p_cyber.shanghai.gov.cn
shanghai.p_ccdi	https://p_ccdi.shanghai.gov.cn
geo.tianjin	https://tj.gov.cn
tianjin.fgw	https://fgw.tj.gov.cn
tianjin.edu	https://edu.tj.gov.cn
tianjin.kjt	https://kjt.tj.gov.cn
tianjin.gxt	https://gxt.tj.gov.cn
tianjin.mzw	https://mzw.tj.gov.cn
tianjin.ga	https://ga.tj.gov.cn
tianjin.at	https://at.tj.gov.cn
tianjin.mzt	https://mzt.tj.gov.cn
tianjin.sft	https://sft.tj.gov.cn
tianjin.czt	https://czt.tj.gov.cn
tianjin.hrss	https://hrss.tj.gov.cn
tianjin.zrzyt	https://zrzyt.tj.gov.cn
tianjin.sthjt	https://sthjt.tj.gov.cn
tianjin.zjt	https://zjt.tj.gov.cn
tianjin.jtyst	https://jtyst.tj.gov.cn
tianjin.slt	https://slt.tj.gov.cn
tianjin.nynct	https://nynct.tj.gov.cn
tianjin.swt	https://swt.tj.gov.cn
tianjin.whlyt	https://whlyt.tj.gov.cn
tianjin.wjw	https://wjw.tj.gov.cn
tianjin.tyj	https://tyj.tj.gov.cn
tianjin.yjt	https://yjt.tj.gov.cn
tianjin.sjt	https://sjt.tj.gov.cn
tianjin.wsb	https://wsb.tj.gov.cn
tianjin.gzw	https://gzw.tj.gov.cn
tianjin.scjgj	https://scjgj.tj.gov.cn
tianjin.tjj	https://tjj.tj.gov.cn
tianjin.ybj	https://ybj.tj.gov.cn
tianjin.tyjr	https://tyjr.tj.gov.cn
tianjin.gbdst	https://gbdst.tj.gov.cn
tianjin.jrjgj	https://jrjgj.tj.gov.cn
tianjin.sjaqj	https://sjaqj.tj.gov.cn
tianjin.ylj	https://ylj.tj.gov.cn
tianjin.nyj	https://nyj.tj.gov.cn
tianjin.yjglj	https://yjglj.tj.gov.cn
tianjin.zscqj	https://zscqj.tj.gov.cn
tianjin.xfj	https://xfj.tj.gov.cn
tianjin.jgswglj	https://jgswglj.tj.gov.cn
tianjin.tax	https://tax.tj.gov.cn
tianjin.customs	https://customs.tj.gov.cn
tianjin.pboc_br	https://pboc_br.tj.gov.cn
tianjin.p_office	https://p_office.tj.gov.cn
tianjin.p_org	https://p_org.tj.gov.cn
tianjin.p_prop	https://p_prop.tj.gov.cn
tianjin.p_ufwd	https://p_ufwd.tj.gov.cn
tianjin.p_plac	https://p_plac.tj.gov.cn
tianjin.p_cyber	https://p_cyber.tj.gov.cn
tianjin.p_ccdi	https://p_ccdi.tj.gov.cn
chongqing.fgw	https://fgw.cq.gov.cn
chongqing.edu	https://edu.cq.gov.cn
chongqing.kjt	https://kjt.cq.gov.cn
chongqing.gxt	https://gxt.cq.gov.cn
chongqing.mzw	https://mzw.cq.gov.cn
chongqing.ga	https://ga.cq.gov.cn
chongqing.at	https://at.cq.gov.cn
chongqing.mzt	https://mzt.cq.gov.cn
chongqing.sft	https://sft.cq.gov.cn
chongqing.czt	https://czt.cq.gov.cn
chongqing.hrss	https://hrss.cq.gov.cn
chongqing.zrzyt	https://zrzyt.cq.gov.cn
chongqing.sthjt	https://sthjt.cq.gov.cn
chongqing.zjt	https://zjt.cq.gov.cn
chongqing.jtyst	https://jtyst.cq.gov.cn
chongqing.slt	https://slt.cq.gov.cn
chongqing.nynct	https://nynct.cq.gov.cn
chongqing.swt	https://swt.cq.gov.cn
chongqing.whlyt	https://whlyt.cq.gov.cn
chongqing.wjw	https://wjw.cq.gov.cn
chongqing.yjt	https://yjt.cq.gov.cn
chongqing.sjt	https://sjt.cq.gov.cn
chongqing.wsb	https://wsb.cq.gov.cn
chongqing.ybj	https://ybj.cq.gov.cn
chongqing.tyjr	https://tyjr.cq.gov.cn
chongqing.gbdst	https://gbdst.cq.gov.cn
chongqing.sjaqj	https://sjaqj.cq.gov.cn
chongqing.ylj	https://ylj.cq.gov.cn
chongqing.nyj	https://nyj.cq.gov.cn
chongqing.yjglj	https://yjglj.cq.gov.cn
chongqing.xfj	https://xfj.cq.gov.cn
chongqing.jgswglj	https://jgswglj.cq.gov.cn
chongqing.tax	https://tax.cq.gov.cn
chongqing.customs	https://customs.cq.gov.cn
chongqing.pboc_br	https://pboc_br.cq.gov.cn
chongqing.p_office	https://p_office.cq.gov.cn
chongqing.p_org	https://p_org.cq.gov.cn
chongqing.p_prop	https://p_prop.cq.gov.cn
chongqing.p_ufwd	https://p_ufwd.cq.gov.cn
chongqing.p_plac	https://p_plac.cq.gov.cn
chongqing.p_cyber	https://p_cyber.cq.gov.cn
chongqing.p_ccdi	https://p_ccdi.cq.gov.cn
geo.pref.唐山市	https://tangshan.gov.cn
geo.pref.秦皇岛市	https://qinhuangdao.gov.cn
geo.pref.邯郸市	https://handan.gov.cn
geo.pref.邢台市	https://xingtai.gov.cn
geo.pref.保定市	https://baoding.gov.cn
geo.pref.张家口市	https://zhangjiakou.gov.cn
geo.pref.承德市	https://chengde.gov.cn
geo.pref.沧州市	https://cangzhou.gov.cn
geo.pref.廊坊市	https://langfang.gov.cn
geo.pref.衡水市	https://hengshui.gov.cn
geo.pref.太原市	https://taiyuan.gov.cn
geo.pref.大同市	https://datong.gov.cn
geo.pref.阳泉市	https://yangquan.gov.cn
geo.pref.晋城市	https://jincheng.gov.cn
geo.pref.晋中市	https://jinzhong.gov.cn
geo.pref.运城市	https://yuncheng.gov.cn
geo.pref.忻州市	https://xinzhou.gov.cn
geo.pref.临汾市	https://linfen.gov.cn
geo.pref.吕梁市	https://lliang.gov.cn
geo.pref.大连市	https://dl.gov.cn
geo.pref.鞍山市	https://anshan.gov.cn
geo.pref.本溪市	https://benxi.gov.cn
geo.pref.锦州市	https://jinzhou.gov.cn
geo.pref.辽阳市	https://liaoyang.gov.cn
geo.pref.铁岭市	https://tieling.gov.cn
geo.pref.葫芦岛市	https://huludao.gov.cn
geo.pref.长春市	https://cc.gov.cn
geo.pref.吉林市	https://jilin.gov.cn
geo.pref.白山市	https://baishan.gov.cn
geo.pref.松原市	https://songyuan.gov.cn
geo.pref.白城市	https://baicheng.gov.cn
geo.pref.延边朝鲜族自治州	https://yanbian.gov.cn  (verify)
geo.pref.哈尔滨市	https://harbin.gov.cn
geo.pref.齐齐哈尔市	https://qiqihar.gov.cn
geo.pref.大庆市	https://daqing.gov.cn
geo.pref.伊春市	https://yichun.gov.cn
geo.pref.佳木斯市	https://jiamusi.gov.cn
geo.pref.七台河市	https://qitaihe.gov.cn
geo.pref.牡丹江市	https://mudanjiang.gov.cn
geo.pref.大兴安岭地区	https://daxinganling.gov.cn  (verify)
geo.pref.南京市	https://nanjing.gov.cn
geo.pref.徐州市	https://xuzhou.gov.cn
geo.pref.连云港市	https://lianyungang.gov.cn
geo.pref.扬州市	https://yangzhou.gov.cn
geo.pref.镇江市	https://zhenjiang.gov.cn
geo.pref.宿迁市	https://suqian.gov.cn
geo.pref.宁波市	https://nb.gov.cn
geo.pref.温州市	https://wenzhou.gov.cn
geo.pref.嘉兴市	https://jiaxing.gov.cn
geo.pref.湖州市	https://huzhou.gov.cn
geo.pref.绍兴市	https://shaoxing.gov.cn
geo.pref.金华市	https://jinhua.gov.cn
geo.pref.衢州市	https://quzhou.gov.cn
geo.pref.舟山市	https://zhoushan.gov.cn
geo.pref.丽水市	https://lishui.gov.cn
geo.pref.合肥市	https://hefei.gov.cn
geo.pref.蚌埠市	https://bengbu.gov.cn
geo.pref.马鞍山市	https://maanshan.gov.cn
geo.pref.铜陵市	https://tongling.gov.cn
geo.pref.安庆市	https://anqing.gov.cn
geo.pref.黄山市	https://huangshan.gov.cn
geo.pref.滁州市	https://chuzhou.gov.cn
geo.pref.池州市	https://chizhou.gov.cn
geo.pref.厦门市	https://xm.gov.cn
geo.pref.莆田市	https://putian.gov.cn
geo.pref.三明市	https://sanming.gov.cn
geo.pref.漳州市	https://zhangzhou.gov.cn
geo.pref.南平市	https://nanping.gov.cn
geo.pref.宁德市	https://ningde.gov.cn
geo.pref.南昌市	https://nc.gov.cn
geo.pref.景德镇市	https://jingdezhen.gov.cn
geo.pref.萍乡市	https://pingxiang.gov.cn
geo.pref.九江市	https://jiujiang.gov.cn
geo.pref.新余市	https://xinyu.gov.cn
geo.pref.鹰潭市	https://yingtan.gov.cn
geo.pref.吉安市	https://jian.gov.cn
geo.pref.宜春市	https://yichun.gov.cn
geo.pref.上饶市	https://shangrao.gov.cn
geo.pref.枣庄市	https://zaozhuang.gov.cn
geo.pref.东营市	https://dongying.gov.cn
geo.pref.潍坊市	https://weifang.gov.cn
geo.pref.日照市	https://rizhao.gov.cn
geo.pref.德州市	https://dezhou.gov.cn
geo.pref.滨州市	https://binzhou.gov.cn
geo.pref.开封市	https://kaifeng.gov.cn
geo.pref.洛阳市	https://luoyang.gov.cn
geo.pref.平顶山市	https://pingdingshan.gov.cn
geo.pref.安阳市	https://anyang.gov.cn
geo.pref.鹤壁市	https://hebi.gov.cn
geo.pref.焦作市	https://jiaozuo.gov.cn
geo.pref.濮阳市	https://puyang.gov.cn
geo.pref.漯河市	https://luohe.gov.cn
geo.pref.三门峡市	https://sanmenxia.gov.cn
geo.pref.南阳市	https://nanyang.gov.cn
geo.pref.商丘市	https://shangqiu.gov.cn
geo.pref.信阳市	https://xinyang.gov.cn
geo.pref.驻马店市	https://zhumadian.gov.cn
geo.pref.十堰市	https://shiyan.gov.cn
geo.pref.襄阳市	https://xiangyang.gov.cn
geo.pref.鄂州市	https://ezhou.gov.cn
geo.pref.荆门市	https://jingmen.gov.cn
geo.pref.孝感市	https://xiaogan.gov.cn
geo.pref.荆州市	https://jingzhou.gov.cn
geo.pref.黄冈市	https://huanggang.gov.cn
geo.pref.咸宁市	https://xianning.gov.cn
geo.pref.恩施土家族苗族自治州	https://enshi.gov.cn  (verify)
geo.pref.长沙市	https://changsha.gov.cn
geo.pref.株洲市	https://zhuzhou.gov.cn
geo.pref.湘潭市	https://xiangtan.gov.cn
geo.pref.衡阳市	https://hengyang.gov.cn
geo.pref.邵阳市	https://shaoyang.gov.cn
geo.pref.张家界市	https://zhangjiajie.gov.cn
geo.pref.益阳市	https://yiyang.gov.cn
geo.pref.郴州市	https://chenzhou.gov.cn
geo.pref.永州市	https://yongzhou.gov.cn
geo.pref.娄底市	https://loudi.gov.cn
geo.pref.湘西土家族苗族自治州	https://xiangxi.gov.cn  (verify)
geo.pref.广州市	https://guangzhou.gov.cn
geo.pref.韶关市	https://shaoguan.gov.cn
geo.pref.深圳市	https://shenzhen.gov.cn
geo.pref.佛山市	https://foshan.gov.cn
geo.pref.梅州市	https://meizhou.gov.cn
geo.pref.清远市	https://qingyuan.gov.cn
geo.pref.东莞市	https://dg.gov.cn
geo.pref.中山市	https://zhongshan.gov.cn
geo.pref.潮州市	https://chaozhou.gov.cn
geo.pref.三亚市	https://sanya.gov.cn
geo.pref.三沙市	https://sansha.gov.cn
geo.pref.儋州市	https://danzhou.gov.cn
geo.pref.自贡市	https://zigong.gov.cn
geo.pref.攀枝花市	https://panzhihua.gov.cn
geo.pref.泸州市	https://luzhou.gov.cn
geo.pref.德阳市	https://deyang.gov.cn
geo.pref.绵阳市	https://mianyang.gov.cn
geo.pref.广元市	https://guangyuan.gov.cn
geo.pref.遂宁市	https://suining.gov.cn
geo.pref.内江市	https://neijiang.gov.cn
geo.pref.南充市	https://nanchong.gov.cn
geo.pref.眉山市	https://meishan.gov.cn
geo.pref.宜宾市	https://yibin.gov.cn
geo.pref.广安市	https://guangan.gov.cn
geo.pref.达州市	https://dazhou.gov.cn
geo.pref.雅安市	https://yaan.gov.cn
geo.pref.巴中市	https://bazhong.gov.cn
geo.pref.资阳市	https://ziyang.gov.cn
geo.pref.阿坝藏族羌族自治州	https://ngawa.gov.cn  (verify)
geo.pref.甘孜藏族自治州	https://garz.gov.cn  (verify)
geo.pref.凉山彝族自治州	https://liangshan.gov.cn  (verify)
geo.pref.贵阳市	https://gy.gov.cn
geo.pref.六盘水市	https://liupanshui.gov.cn
geo.pref.遵义市	https://zunyi.gov.cn
geo.pref.安顺市	https://anshun.gov.cn
geo.pref.毕节市	https://bijie.gov.cn
geo.pref.铜仁市	https://tongren.gov.cn
geo.pref.黔西南布依族苗族自治州	https://qianxinan.gov.cn  (verify)
geo.pref.黔东南苗族侗族自治州	https://qiandongnan.gov.cn  (verify)
geo.pref.黔南布依族苗族自治州	https://qiannan.gov.cn  (verify)
geo.pref.昆明市	https://km.gov.cn
geo.pref.曲靖市	https://qujing.gov.cn
geo.pref.昭通市	https://zhaotong.gov.cn
geo.pref.丽江市	https://lijiang.gov.cn
geo.pref.普洱市	https://puer.gov.cn
geo.pref.临沧市	https://lincang.gov.cn
geo.pref.楚雄彝族自治州	https://chuxiong.gov.cn  (verify)
geo.pref.红河哈尼族彝族自治州	https://honghe.gov.cn  (verify)
geo.pref.文山壮族苗族自治州	https://wenshan.gov.cn  (verify)
geo.pref.西双版纳傣族自治州	https://xishuangbanna.gov.cn  (verify)
geo.pref.大理白族自治州	https://dali.gov.cn  (verify)
geo.pref.德宏傣族景颇族自治州	https://dehong.gov.cn  (verify)
geo.pref.怒江傈僳族自治州	https://nujiang.gov.cn  (verify)
geo.pref.迪庆藏族自治州	https://diqing.gov.cn  (verify)
geo.pref.铜川市	https://tongchuan.gov.cn
geo.pref.咸阳市	https://xianyang.gov.cn
geo.pref.渭南市	https://weinan.gov.cn
geo.pref.延安市	https://yanan.gov.cn
geo.pref.榆林市	https://yulin.gov.cn
geo.pref.商洛市	https://shangluo.gov.cn
geo.pref.兰州市	https://lz.gov.cn
geo.pref.嘉峪关市	https://jiayuguan.gov.cn
geo.pref.金昌市	https://jinchang.gov.cn
geo.pref.天水市	https://tianshui.gov.cn
geo.pref.武威市	https://wuwei.gov.cn
geo.pref.酒泉市	https://jiuquan.gov.cn
geo.pref.庆阳市	https://qingyang.gov.cn
geo.pref.陇南市	https://longnan.gov.cn
geo.pref.临夏回族自治州	https://linxia.gov.cn  (verify)
geo.pref.甘南藏族自治州	https://gannan.gov.cn  (verify)
geo.pref.西宁市	https://xining.gov.cn
geo.pref.海东市	https://haidong.gov.cn
geo.pref.海北藏族自治州	https://haibei.gov.cn  (verify)
geo.pref.黄南藏族自治州	https://huangnan.gov.cn  (verify)
geo.pref.海南藏族自治州	https://hainan.gov.cn  (verify)
geo.pref.果洛藏族自治州	https://golog.gov.cn  (verify)
geo.pref.玉树藏族自治州	https://yushu.gov.cn  (verify)
geo.pref.海西蒙古族藏族自治州	https://haixi.gov.cn  (verify)
geo.pref.呼和浩特市	https://hohhot.gov.cn
geo.pref.包头市	https://baotou.gov.cn
geo.pref.赤峰市	https://chifeng.gov.cn
geo.pref.呼伦贝尔市	https://hulunbuir.gov.cn
geo.pref.巴彦淖尔市	https://bayannur.gov.cn
geo.pref.乌兰察布市	https://ulanqab.gov.cn
geo.pref.兴安盟	https://xingan.gov.cn  (verify)
geo.pref.锡林郭勒盟	https://xilin.gov.cn  (verify)
geo.pref.阿拉善盟	https://alxa.gov.cn  (verify)
geo.pref.南宁市	https://nanning.gov.cn
geo.pref.桂林市	https://guilin.gov.cn
geo.pref.梧州市	https://wuzhou.gov.cn
geo.pref.北海市	https://beihai.gov.cn
geo.pref.防城港市	https://fangchenggang.gov.cn
geo.pref.钦州市	https://qinzhou.gov.cn
geo.pref.贵港市	https://guigang.gov.cn
geo.pref.玉林市	https://yulin.gov.cn
geo.pref.百色市	https://baise.gov.cn
geo.pref.贺州市	https://hezhou.gov.cn
geo.pref.河池市	https://hechi.gov.cn
geo.pref.来宾市	https://laibin.gov.cn
geo.pref.崇左市	https://chongzuo.gov.cn
geo.pref.拉萨市	https://lhasa.gov.cn
geo.pref.日喀则市	https://shigatse.gov.cn
geo.pref.昌都市	https://qamdo.gov.cn
geo.pref.林芝市	https://nyingchi.gov.cn
geo.pref.阿里地区	https://ngari.gov.cn  (verify)
geo.pref.固原市	https://guyuan.gov.cn
geo.pref.中卫市	https://zhongwei.gov.cn
geo.pref.乌鲁木齐市	https://urumqi.gov.cn
geo.pref.克拉玛依市	https://karamay.gov.cn
geo.pref.吐鲁番市	https://turpan.gov.cn
geo.pref.昌吉回族自治州	https://changji.gov.cn  (verify)
geo.pref.博尔塔拉蒙古自治州	https://bortala.gov.cn  (verify)
geo.pref.巴音郭楞蒙古自治州	https://bayingolin.gov.cn  (verify)
geo.pref.克孜勒苏柯尔克孜自治州	https://kizilsu.gov.cn  (verify)
geo.pref.伊犁哈萨克自治州	https://ili.gov.cn  (verify)
geo.pref.阿克苏地区	https://aksu.gov.cn  (verify)
geo.pref.喀什地区	https://kashgar.gov.cn  (verify)
geo.pref.和田地区	https://hotan.gov.cn  (verify)
geo.pref.塔城地区	https://tacheng.gov.cn  (verify)
geo.pref.阿勒泰地区	https://altay.gov.cn  (verify)
geo.pref.阿拉尔市	https://alar.gov.cn
geo.pref.北屯市	https://beitun.gov.cn
geo.pref.胡杨河市	https://huyanghe.gov.cn
geo.pref.石河子市	https://shihezi.gov.cn
geo.pref.图木舒克市	https://tumxuk.gov.cn
geo.pref.五家渠市	https://wujiaqu.gov.cn
geo.pref.白杨市	https://baiyang.gov.cn
geo.pref.白沙黎族自治县	https://baisha.gov.cn  (verify)
geo.pref.保亭黎族苗族自治县	https://baoting.gov.cn  (verify)
geo.pref.昌江黎族自治县	https://changjiang.gov.cn  (verify)
geo.pref.澄迈县	https://chengmai.gov.cn
geo.pref.定安县	https://dingan.gov.cn
geo.pref.东方市	https://dongfang.gov.cn
geo.pref.乐东黎族自治县	https://ledong.gov.cn  (verify)
geo.pref.临高县	https://lingao.gov.cn
geo.pref.陵水黎族自治县	https://lingshui.gov.cn  (verify)
geo.pref.琼海市	https://qionghai.gov.cn
geo.pref.琼中黎族苗族自治县	https://qiongzhong.gov.cn  (verify)
geo.pref.屯昌县	https://tunchang.gov.cn
geo.pref.万宁市	https://wanning.gov.cn
geo.pref.文昌市	https://wenchang.gov.cn
geo.pref.五指山市	https://wuzhishan.gov.cn
geo.pref.神农架林区	https://shennongjia.gov.cn  (verify)
geo.pref.仙桃市	https://xiantao.gov.cn
