name_cn,name_en,level,type,parent_province_cn,is_provincial_capital,is_sub_provincial,notes,covered,our_docs,our_site_keys
河北省,Hebei,provincial,province,,,,省会 石家庄,,0,
山西省,Shanxi,provincial,province,,,,省会 太原,,0,
辽宁省,Liaoning,provincial,province,,,,省会 沈阳,Y,804,liaoning;ln_czt;ln_fgw;ln_gxt;ln_jyt;ln_kjt;ln_rst;ln_sthj;ln_swt
吉林省,Jilin,provincial,province,,,,省会 长春,Y,684,jilin;jl_czt;jl_gxt;jl_hrss;jl_jldrc;jl_jyt;jl_kjt;jl_sthjt;jl_swt;jl_zrzy
黑龙江省,Heilongjiang,provincial,province,,,,省会 哈尔滨,Y,2277,hlj
江苏省,Jiangsu,provincial,province,,,,省会 南京,Y,1215,js_czt;js_fzggw;js_gxt;js_jtyst;js_kxjst;js_mzt;js_nynct;js_scjgj;js_sft;js_sthjt;js_wjw;js_ybj
浙江省,Zhejiang,provincial,province,,,,省会 杭州,Y,313,zj
安徽省,Anhui,provincial,province,,,,省会 合肥,,0,
福建省,Fujian,provincial,province,,,,省会 福州,Y,8413,fj_bb;fj_czt;fj_fgw;fj_gat;fj_gdb;fj_gdj;fj_gxt;fj_gzw;fj_hyyyj;fj_jgswglj;fj_jtyst;fj_jyt;fj_kjt;fj_lsj;fj_lyj;fj_mzt;fj_mzzjt;fj_nynct;fj_qb;fj_rst;fj_scjgj;fj_sft;fj_sjt;fj_slt;fj_sthjt;fj_swt;fj_tjj;fj_tyj;fj_tyjrswt;fj_wb;fj_wjw;fj_wlt;fj_xfj;fj_xxzx;fj_ybj;fj_yjt;fj_zjt;fj_zrzyt;fujian
江西省,Jiangxi,provincial,province,,,,省会 南昌,,0,
山东省,Shandong,provincial,province,,,,省会 济南,Y,697,sd_commerce;sd_czt;sd_edu;sd_gxt;sd_kjt;shandong
河南省,Henan,provincial,province,,,,省会 郑州,,0,
湖北省,Hubei,provincial,province,,,,省会 武汉,,0,
湖南省,Hunan,provincial,province,,,,省会 长沙,Y,458,hn_czt;hn_fgw;hn_gxt;hn_jyt;hn_kjt;hn_rst;hn_sthjt;hn_swt;hn_zrzyt;hunan
广东省,Guangdong,provincial,province,,,,省会 广州,Y,6216,gd
海南省,Hainan,provincial,province,,,,省会 海口,Y,54,hainanzhou
四川省,Sichuan,provincial,province,,,,省会 成都,,0,
贵州省,Guizhou,provincial,province,,,,省会 贵阳,,0,
云南省,Yunnan,provincial,province,,,,省会 昆明,,0,
陕西省,Shaanxi,provincial,province,,,,省会 西安,,0,
甘肃省,Gansu,provincial,province,,,,省会 兰州,,0,
青海省,Qinghai,provincial,province,,,,省会 西宁,Y,175,qinghai
台湾省,Taiwan,provincial,province,,,,claimed; 省会 台北; prefectures not enumerated,,0,
内蒙古自治区,Inner Mongolia,provincial,autonomous_region,,,,首府 呼和浩特,,0,
广西壮族自治区,Guangxi,provincial,autonomous_region,,,,首府 南宁,,0,
西藏自治区,Tibet,provincial,autonomous_region,,,,首府 拉萨,Y,1081,xizang;xz_drc;xz_ee;xz_gat;xz_hrss;xz_jtt;xz_mw;xz_mzt;xz_nynct;xz_sft;xz_sjt;xz_sport;xz_sti;xz_swt;xz_tjj;xz_tyjr;xz_tzcjj;xz_wjw;xz_wlt;xz_ylbzj;xz_zrzyt
宁夏回族自治区,Ningxia,provincial,autonomous_region,,,,首府 银川,Y,1432,ningxia;nx_czt;nx_dofcom;nx_fzggw;nx_gxt;nx_hrss;nx_jst;nx_jtt;nx_jyt;nx_kjt;nx_mca;nx_nxyjglt;nx_nynct;nx_sft;nx_sjt;nx_sthjt;nx_whhlyt;nx_wsjkw;nx_ylbz;nx_zrzyt
新疆维吾尔自治区,Xinjiang,provincial,autonomous_region,,,,首府 乌鲁木齐,Y,52,xinjiang
北京市,Beijing,provincial,municipality,,,,直辖市,Y,2331,bjb_czj;bjb_fgw;bjb_ghzrzyw;bjb_jtw;bjb_jw;bjb_jxj;bjb_kw;bjb_nyncj;bjb_rsj;bjb_scjgj;bjb_sfj;bjb_sthjj;bjb_sw;bjb_swj;bjb_tjj;bjb_whlyj;bjb_wjw;bjb_ybj;bjb_yjj;bjd_daxing;bjd_dongcheng;bjd_fangshan;bjd_fengtai;bjd_haidian;bjd_huairou;bjd_mentougou;bjd_miyun;bjd_pinggu;bjd_shijingshan;bjd_tongzhou;bjd_xicheng
上海市,Shanghai,provincial,municipality,,,,直辖市,Y,627,shb_edu;shb_fgw;shb_ghzyj;shb_jtw;shb_mzj;shb_nyncw;shb_rsj;shb_scjgj;shb_sfj;shb_sheitc;shb_stcsm;shb_swj;shb_sww;shb_tjj;shb_whlyj;shb_ybj;shb_yjj
天津市,Tianjin,provincial,municipality,,,,直辖市,,0,
重庆市,Chongqing,provincial,municipality,,,,直辖市,Y,2205,cq_cgj;cq_czj;cq_dsjj;cq_fzggw;cq_gaj;cq_gbdsj;cq_gxhzs;cq_gxq;cq_gzw;cq_jgswj;cq_jjxxw;cq_jkq;cq_jrjgj;cq_jtysw;cq_jw;cq_lyj;cq_mzj;cq_mzzjw;cq_nyncw;cq_rlsbj;cq_rmfkb;cq_scjgj;cq_sfj;cq_sjj;cq_slj;cq_sthjj;cq_sww;cq_tjj;cq_tyj;cq_tyjrswj;cq_whlyw;cq_ws;cq_wsjkw;cq_xfb;cq_yjj;cq_ylbzj;cq_zfcxjw;cq_zfkawlb;cq_zfwb;cq_zscqj;cqd_jiulongpo;cqd_yuzhong
香港特别行政区,Hong Kong,provincial,SAR,,,,特别行政区,,0,
澳门特别行政区,Macau,provincial,SAR,,,,特别行政区,,0,
石家庄市,Shijiazhuang,prefecture,prefecture_city,河北省,Y,,省会,Y,71,shijiazhuang
唐山市,Tangshan,prefecture,prefecture_city,河北省,,,,,0,
秦皇岛市,Qinhuangdao,prefecture,prefecture_city,河北省,,,,,0,
邯郸市,Handan,prefecture,prefecture_city,河北省,,,,,0,
邢台市,Xingtai,prefecture,prefecture_city,河北省,,,,,0,
保定市,Baoding,prefecture,prefecture_city,河北省,,,,,0,
张家口市,Zhangjiakou,prefecture,prefecture_city,河北省,,,,,0,
承德市,Chengde,prefecture,prefecture_city,河北省,,,,,0,
沧州市,Cangzhou,prefecture,prefecture_city,河北省,,,,,0,
廊坊市,Langfang,prefecture,prefecture_city,河北省,,,,,0,lf
衡水市,Hengshui,prefecture,prefecture_city,河北省,,,,,0,
太原市,Taiyuan,prefecture,prefecture_city,山西省,Y,,省会,,0,
大同市,Datong,prefecture,prefecture_city,山西省,,,,,0,
阳泉市,Yangquan,prefecture,prefecture_city,山西省,,,,,0,
长治市,Changzhi,prefecture,prefecture_city,山西省,,,,Y,62,changzhi
晋城市,Jincheng,prefecture,prefecture_city,山西省,,,,Y,182,jcgov
朔州市,Shuozhou,prefecture,prefecture_city,山西省,,,,Y,113,shuozhou;shuozhou_c2
晋中市,Jinzhong,prefecture,prefecture_city,山西省,,,,,0,
运城市,Yuncheng,prefecture,prefecture_city,山西省,,,,,0,
忻州市,Xinzhou,prefecture,prefecture_city,山西省,,,,,0,
临汾市,Linfen,prefecture,prefecture_city,山西省,,,,,0,
吕梁市,Lliang,prefecture,prefecture_city,山西省,,,romanization: Lyliang/Lyuliang,Y,105,lvliang
沈阳市,Shenyang,prefecture,prefecture_city,辽宁省,Y,Y,省会,Y,174,shenyang
大连市,Dalian,prefecture,prefecture_city,辽宁省,,Y,计划单列市,,0,
鞍山市,Anshan,prefecture,prefecture_city,辽宁省,,,,,0,
抚顺市,Fushun,prefecture,prefecture_city,辽宁省,,,,Y,1,fushun
本溪市,Benxi,prefecture,prefecture_city,辽宁省,,,,,0,
丹东市,Dandong,prefecture,prefecture_city,辽宁省,,,,Y,118,dandong
锦州市,Jinzhou,prefecture,prefecture_city,辽宁省,,,,,0,
营口市,Yingkou,prefecture,prefecture_city,辽宁省,,,,Y,2,yingkou
阜新市,Fuxin,prefecture,prefecture_city,辽宁省,,,,Y,22,fuxin
辽阳市,Liaoyang,prefecture,prefecture_city,辽宁省,,,,,0,
盘锦市,Panjin,prefecture,prefecture_city,辽宁省,,,,,0,panjin
铁岭市,Tieling,prefecture,prefecture_city,辽宁省,,,,,0,
朝阳市,Chaoyang,prefecture,prefecture_city,辽宁省,,,,Y,282,chaoyang
葫芦岛市,Huludao,prefecture,prefecture_city,辽宁省,,,,,0,
长春市,Changchun,prefecture,prefecture_city,吉林省,Y,Y,省会,Y,32,changchun
吉林市,Jilin,prefecture,prefecture_city,吉林省,,,,Y,684,jilin;jl_czt;jl_gxt;jl_hrss;jl_jldrc;jl_jyt;jl_kjt;jl_sthjt;jl_swt;jl_zrzy
四平市,Siping,prefecture,prefecture_city,吉林省,,,,,0,siping
辽源市,Liaoyuan,prefecture,prefecture_city,吉林省,,,,Y,119,liaoyuan
通化市,Tonghua,prefecture,prefecture_city,吉林省,,,,Y,49,tonghua
白山市,Baishan,prefecture,prefecture_city,吉林省,,,,,0,
松原市,Songyuan,prefecture,prefecture_city,吉林省,,,,,0,
白城市,Baicheng,prefecture,prefecture_city,吉林省,,,,,0,
延边朝鲜族自治州,Yanbian,prefecture,autonomous_prefecture,吉林省,,,,Y,25,yanbian
哈尔滨市,Harbin,prefecture,prefecture_city,黑龙江省,Y,Y,省会,,0,
齐齐哈尔市,Qiqihar,prefecture,prefecture_city,黑龙江省,,,,,0,
鸡西市,Jixi,prefecture,prefecture_city,黑龙江省,,,,Y,21,jixi
鹤岗市,Hegang,prefecture,prefecture_city,黑龙江省,,,,Y,3,hegang
双鸭山市,Shuangyashan,prefecture,prefecture_city,黑龙江省,,,,,0,shuangyashan
大庆市,Daqing,prefecture,prefecture_city,黑龙江省,,,,,0,
伊春市,Yichun,prefecture,prefecture_city,黑龙江省,,,,Y,98,yc
佳木斯市,Jiamusi,prefecture,prefecture_city,黑龙江省,,,,,0,
七台河市,Qitaihe,prefecture,prefecture_city,黑龙江省,,,,,0,
牡丹江市,Mudanjiang,prefecture,prefecture_city,黑龙江省,,,,,0,
黑河市,Heihe,prefecture,prefecture_city,黑龙江省,,,,Y,36,heihe
绥化市,Suihua,prefecture,prefecture_city,黑龙江省,,,,Y,14,suihua
大兴安岭地区,Daxinganling,prefecture,prefecture,黑龙江省,,,,,0,dxal
南京市,Nanjing,prefecture,prefecture_city,江苏省,Y,Y,省会,Y,252,njd_gulou;njd_jiangning
无锡市,Wuxi,prefecture,prefecture_city,江苏省,,,,Y,108,wuxi
徐州市,Xuzhou,prefecture,prefecture_city,江苏省,,,,,0,
常州市,Changzhou,prefecture,prefecture_city,江苏省,,,,,0,changzhou
苏州市,Suzhou,prefecture,prefecture_city,江苏省,,,,Y,4908,suzhou
南通市,Nantong,prefecture,prefecture_city,江苏省,,,,,0,nantong
连云港市,Lianyungang,prefecture,prefecture_city,江苏省,,,,,0,lyg
淮安市,Huai'an,prefecture,prefecture_city,江苏省,,,,,0,huaian
盐城市,Yancheng,prefecture,prefecture_city,江苏省,,,,Y,45,yancheng
扬州市,Yangzhou,prefecture,prefecture_city,江苏省,,,,,0,
镇江市,Zhenjiang,prefecture,prefecture_city,江苏省,,,,,0,
泰州市,Taizhou,prefecture,prefecture_city,江苏省,,,,Y,35,taizhou_js
宿迁市,Suqian,prefecture,prefecture_city,江苏省,,,,,0,
杭州市,Hangzhou,prefecture,prefecture_city,浙江省,Y,Y,省会,Y,49,hangzhou
宁波市,Ningbo,prefecture,prefecture_city,浙江省,,Y,计划单列市,,0,
温州市,Wenzhou,prefecture,prefecture_city,浙江省,,,,,0,
嘉兴市,Jiaxing,prefecture,prefecture_city,浙江省,,,,,0,
湖州市,Huzhou,prefecture,prefecture_city,浙江省,,,,,0,
绍兴市,Shaoxing,prefecture,prefecture_city,浙江省,,,,,0,
金华市,Jinhua,prefecture,prefecture_city,浙江省,,,,,0,
衢州市,Quzhou,prefecture,prefecture_city,浙江省,,,,,0,
舟山市,Zhoushan,prefecture,prefecture_city,浙江省,,,,,0,
台州市,Taizhou,prefecture,prefecture_city,浙江省,,,,,0,
丽水市,Lishui,prefecture,prefecture_city,浙江省,,,,,0,
合肥市,Hefei,prefecture,prefecture_city,安徽省,Y,,省会,,0,
芜湖市,Wuhu,prefecture,prefecture_city,安徽省,,,,Y,113,wuhu
蚌埠市,Bengbu,prefecture,prefecture_city,安徽省,,,,,0,
淮南市,Huainan,prefecture,prefecture_city,安徽省,,,,Y,28,huainan
马鞍山市,Ma'anshan,prefecture,prefecture_city,安徽省,,,,,0,
淮北市,Huaibei,prefecture,prefecture_city,安徽省,,,,Y,28,huaibei
铜陵市,Tongling,prefecture,prefecture_city,安徽省,,,,,0,tl
安庆市,Anqing,prefecture,prefecture_city,安徽省,,,,,0,
黄山市,Huangshan,prefecture,prefecture_city,安徽省,,,,,0,
滁州市,Chuzhou,prefecture,prefecture_city,安徽省,,,,,0,
阜阳市,Fuyang,prefecture,prefecture_city,安徽省,,,,,0,fuyang
宿州市,Suzhou,prefecture,prefecture_city,安徽省,,,,Y,5038,ahsz;suzhou;suzhou_ah
六安市,Lu'an,prefecture,prefecture_city,安徽省,,,,Y,13,luan
亳州市,Bozhou,prefecture,prefecture_city,安徽省,,,,,0,bozhou
池州市,Chizhou,prefecture,prefecture_city,安徽省,,,,,0,
宣城市,Xuancheng,prefecture,prefecture_city,安徽省,,,,,0,xuancheng
福州市,Fuzhou,prefecture,prefecture_city,福建省,Y,,省会,Y,72,fuzhou_fj
厦门市,Xiamen,prefecture,prefecture_city,福建省,,Y,计划单列市,,0,
莆田市,Putian,prefecture,prefecture_city,福建省,,,,,0,
三明市,Sanming,prefecture,prefecture_city,福建省,,,,Y,50,sm
泉州市,Quanzhou,prefecture,prefecture_city,福建省,,,,,0,quanzhou
漳州市,Zhangzhou,prefecture,prefecture_city,福建省,,,,,0,
南平市,Nanping,prefecture,prefecture_city,福建省,,,,,0,
龙岩市,Longyan,prefecture,prefecture_city,福建省,,,,Y,37,longyan
宁德市,Ningde,prefecture,prefecture_city,福建省,,,,,0,
南昌市,Nanchang,prefecture,prefecture_city,江西省,Y,,省会,,0,
景德镇市,Jingdezhen,prefecture,prefecture_city,江西省,,,,,0,jdz
萍乡市,Pingxiang,prefecture,prefecture_city,江西省,,,,,0,
九江市,Jiujiang,prefecture,prefecture_city,江西省,,,,,0,
新余市,Xinyu,prefecture,prefecture_city,江西省,,,,,0,
鹰潭市,Yingtan,prefecture,prefecture_city,江西省,,,,,0,
赣州市,Ganzhou,prefecture,prefecture_city,江西省,,,,Y,71,ganzhou
吉安市,Ji'an,prefecture,prefecture_city,江西省,,,,,0,
宜春市,Yichun,prefecture,prefecture_city,江西省,,,,,0,
抚州市,Fuzhou,prefecture,prefecture_city,江西省,,,,,0,
上饶市,Shangrao,prefecture,prefecture_city,江西省,,,,,0,
济南市,Jinan,prefecture,prefecture_city,山东省,Y,Y,省会,Y,13,jinan
青岛市,Qingdao,prefecture,prefecture_city,山东省,,Y,计划单列市,Y,440,qingdao
淄博市,Zibo,prefecture,prefecture_city,山东省,,,,Y,37,zibo
枣庄市,Zaozhuang,prefecture,prefecture_city,山东省,,,,,0,
东营市,Dongying,prefecture,prefecture_city,山东省,,,,,0,
烟台市,Yantai,prefecture,prefecture_city,山东省,,,,Y,65,yantai
潍坊市,Weifang,prefecture,prefecture_city,山东省,,,,,0,
济宁市,Jining,prefecture,prefecture_city,山东省,,,,Y,49,jining
泰安市,Tai'an,prefecture,prefecture_city,山东省,,,,Y,69,taian
威海市,Weihai,prefecture,prefecture_city,山东省,,,,Y,9,weihai
日照市,Rizhao,prefecture,prefecture_city,山东省,,,,,0,
临沂市,Linyi,prefecture,prefecture_city,山东省,,,,,0,linyi
德州市,Dezhou,prefecture,prefecture_city,山东省,,,,,0,
聊城市,Liaocheng,prefecture,prefecture_city,山东省,,,,,0,liaocheng
滨州市,Binzhou,prefecture,prefecture_city,山东省,,,,,0,
菏泽市,Heze,prefecture,prefecture_city,山东省,,,,,0,heze
莱芜市,Laiwu,prefecture,prefecture_city,山东省,,,"abolished 2019, merged into 济南; kept from source-map",Y,51,laiwu
郑州市,Zhengzhou,prefecture,prefecture_city,河南省,Y,,省会,,0,zhengzhou
开封市,Kaifeng,prefecture,prefecture_city,河南省,,,,,0,
洛阳市,Luoyang,prefecture,prefecture_city,河南省,,,,,0,
平顶山市,Pingdingshan,prefecture,prefecture_city,河南省,,,,,0,pds
安阳市,Anyang,prefecture,prefecture_city,河南省,,,,,0,
鹤壁市,Hebi,prefecture,prefecture_city,河南省,,,,,0,
新乡市,Xinxiang,prefecture,prefecture_city,河南省,,,,Y,24,xinxiang
焦作市,Jiaozuo,prefecture,prefecture_city,河南省,,,,,0,
濮阳市,Puyang,prefecture,prefecture_city,河南省,,,,,0,
许昌市,Xuchang,prefecture,prefecture_city,河南省,,,,Y,1,xuchang
漯河市,Luohe,prefecture,prefecture_city,河南省,,,,,0,
三门峡市,Sanmenxia,prefecture,prefecture_city,河南省,,,,,0,smx
南阳市,Nanyang,prefecture,prefecture_city,河南省,,,,,0,
商丘市,Shangqiu,prefecture,prefecture_city,河南省,,,,,0,
信阳市,Xinyang,prefecture,prefecture_city,河南省,,,,,0,
周口市,Zhoukou,prefecture,prefecture_city,河南省,,,,,0,zhoukou
驻马店市,Zhumadian,prefecture,prefecture_city,河南省,,,,,0,
武汉市,Wuhan,prefecture,prefecture_city,湖北省,Y,Y,省会,Y,1252,whd_donghu;whd_hongshan;whd_jiangan;whd_jianghan;whd_qiaokou;whd_wuchang;wuhan
黄石市,Huangshi,prefecture,prefecture_city,湖北省,,,,Y,30,huangshi
十堰市,Shiyan,prefecture,prefecture_city,湖北省,,,,,0,
宜昌市,Yichang,prefecture,prefecture_city,湖北省,,,,,0,yichang
襄阳市,Xiangyang,prefecture,prefecture_city,湖北省,,,,,0,
鄂州市,Ezhou,prefecture,prefecture_city,湖北省,,,,,0,
荆门市,Jingmen,prefecture,prefecture_city,湖北省,,,,,0,
孝感市,Xiaogan,prefecture,prefecture_city,湖北省,,,,,0,
荆州市,Jingzhou,prefecture,prefecture_city,湖北省,,,,,0,
黄冈市,Huanggang,prefecture,prefecture_city,湖北省,,,,,0,
咸宁市,Xianning,prefecture,prefecture_city,湖北省,,,,,0,
随州市,Suizhou,prefecture,prefecture_city,湖北省,,,,,0,suizhou
恩施土家族苗族自治州,Enshi,prefecture,autonomous_prefecture,湖北省,,,,,0,
长沙市,Changsha,prefecture,prefecture_city,湖南省,Y,,省会,,0,
株洲市,Zhuzhou,prefecture,prefecture_city,湖南省,,,,,0,
湘潭市,Xiangtan,prefecture,prefecture_city,湖南省,,,,,0,
衡阳市,Hengyang,prefecture,prefecture_city,湖南省,,,,,0,
邵阳市,Shaoyang,prefecture,prefecture_city,湖南省,,,,,0,
岳阳市,Yueyang,prefecture,prefecture_city,湖南省,,,,Y,12,yueyang
常德市,Changde,prefecture,prefecture_city,湖南省,,,,Y,29,changde
张家界市,Zhangjiajie,prefecture,prefecture_city,湖南省,,,,,0,
益阳市,Yiyang,prefecture,prefecture_city,湖南省,,,,,0,
郴州市,Chenzhou,prefecture,prefecture_city,湖南省,,,,,0,
永州市,Yongzhou,prefecture,prefecture_city,湖南省,,,,,0,
怀化市,Huaihua,prefecture,prefecture_city,湖南省,,,,Y,23,huaihua
娄底市,Loudi,prefecture,prefecture_city,湖南省,,,,,0,
湘西土家族苗族自治州,Xiangxi,prefecture,autonomous_prefecture,湖南省,,,,,0,
广州市,Guangzhou,prefecture,prefecture_city,广东省,Y,Y,省会,Y,3656,gz
韶关市,Shaoguan,prefecture,prefecture_city,广东省,,,,Y,1613,shaoguan
深圳市,Shenzhen,prefecture,prefecture_city,广东省,,Y,计划单列市,Y,1124,sz
珠海市,Zhuhai,prefecture,prefecture_city,广东省,,,,Y,3706,zhuhai
汕头市,Shantou,prefecture,prefecture_city,广东省,,,,Y,49,shantou
佛山市,Foshan,prefecture,prefecture_city,广东省,,,,,0,
江门市,Jiangmen,prefecture,prefecture_city,广东省,,,,Y,4410,jiangmen
湛江市,Zhanjiang,prefecture,prefecture_city,广东省,,,,Y,37,zhanjiang
茂名市,Maoming,prefecture,prefecture_city,广东省,,,,,0,maoming
肇庆市,Zhaoqing,prefecture,prefecture_city,广东省,,,,,0,zhaoqing
惠州市,Huizhou,prefecture,prefecture_city,广东省,,,,Y,3826,huizhou
梅州市,Meizhou,prefecture,prefecture_city,广东省,,,,,0,
汕尾市,Shanwei,prefecture,prefecture_city,广东省,,,,Y,3610,shanwei
河源市,Heyuan,prefecture,prefecture_city,广东省,,,,Y,3777,heyuan
阳江市,Yangjiang,prefecture,prefecture_city,广东省,,,,Y,2355,yangjiang
清远市,Qingyuan,prefecture,prefecture_city,广东省,,,,,0,
东莞市,Dongguan,prefecture,prefecture_city,广东省,,,,,0,
中山市,Zhongshan,prefecture,prefecture_city,广东省,,,,Y,5152,zhongshan
潮州市,Chaozhou,prefecture,prefecture_city,广东省,,,,,0,
揭阳市,Jieyang,prefecture,prefecture_city,广东省,,,,Y,5872,jieyang
云浮市,Yunfu,prefecture,prefecture_city,广东省,,,,Y,658,yunfu
海口市,Haikou,prefecture,prefecture_city,海南省,Y,,省会,,0,haikou
三亚市,Sanya,prefecture,prefecture_city,海南省,,,,,0,
三沙市,Sansha,prefecture,prefecture_city,海南省,,,,,0,
儋州市,Danzhou,prefecture,prefecture_city,海南省,,,省直辖,,0,
成都市,Chengdu,prefecture,prefecture_city,四川省,Y,Y,省会,,0,chengdu
自贡市,Zigong,prefecture,prefecture_city,四川省,,,,,0,
攀枝花市,Panzhihua,prefecture,prefecture_city,四川省,,,,,0,
泸州市,Luzhou,prefecture,prefecture_city,四川省,,,,,0,
德阳市,Deyang,prefecture,prefecture_city,四川省,,,,,0,
绵阳市,Mianyang,prefecture,prefecture_city,四川省,,,,,0,
广元市,Guangyuan,prefecture,prefecture_city,四川省,,,,,0,
遂宁市,Suining,prefecture,prefecture_city,四川省,,,,,0,
内江市,Neijiang,prefecture,prefecture_city,四川省,,,,,0,
乐山市,Leshan,prefecture,prefecture_city,四川省,,,,Y,102,leshan
南充市,Nanchong,prefecture,prefecture_city,四川省,,,,,0,
眉山市,Meishan,prefecture,prefecture_city,四川省,,,,,0,
宜宾市,Yibin,prefecture,prefecture_city,四川省,,,,,0,
广安市,Guang'an,prefecture,prefecture_city,四川省,,,,,0,
达州市,Dazhou,prefecture,prefecture_city,四川省,,,,,0,
雅安市,Yaan,prefecture,prefecture_city,四川省,,,,,0,
巴中市,Bazhong,prefecture,prefecture_city,四川省,,,,,0,
资阳市,Ziyang,prefecture,prefecture_city,四川省,,,,,0,
阿坝藏族羌族自治州,Ngawa,prefecture,autonomous_prefecture,四川省,,,,Y,65,abazhou
甘孜藏族自治州,Garze,prefecture,autonomous_prefecture,四川省,,,,,0,
凉山彝族自治州,Liangshan,prefecture,autonomous_prefecture,四川省,,,,,0,
贵阳市,Guiyang,prefecture,prefecture_city,贵州省,Y,,省会,,0,
六盘水市,Liupanshui,prefecture,prefecture_city,贵州省,,,,,0,
遵义市,Zunyi,prefecture,prefecture_city,贵州省,,,,,0,
安顺市,Anshun,prefecture,prefecture_city,贵州省,,,,,0,
毕节市,Bijie,prefecture,prefecture_city,贵州省,,,,,0,
铜仁市,Tongren,prefecture,prefecture_city,贵州省,,,,,0,
黔西南布依族苗族自治州,Qianxinan,prefecture,autonomous_prefecture,贵州省,,,,,0,
黔东南苗族侗族自治州,Qiandongnan,prefecture,autonomous_prefecture,贵州省,,,,,0,
黔南布依族苗族自治州,Qiannan,prefecture,autonomous_prefecture,贵州省,,,,,0,
昆明市,Kunming,prefecture,prefecture_city,云南省,Y,,省会,,0,
曲靖市,Qujing,prefecture,prefecture_city,云南省,,,,,0,qj
玉溪市,Yuxi,prefecture,prefecture_city,云南省,,,,Y,46,yuxi
保山市,Baoshan,prefecture,prefecture_city,云南省,,,,,0,baoshan
昭通市,Zhaotong,prefecture,prefecture_city,云南省,,,,,0,
丽江市,Lijiang,prefecture,prefecture_city,云南省,,,,,0,
普洱市,Puer,prefecture,prefecture_city,云南省,,,,,0,
临沧市,Lincang,prefecture,prefecture_city,云南省,,,,,0,
楚雄彝族自治州,Chuxiong,prefecture,autonomous_prefecture,云南省,,,,,0,
红河哈尼族彝族自治州,Honghe,prefecture,autonomous_prefecture,云南省,,,,,0,hh
文山壮族苗族自治州,Wenshan,prefecture,autonomous_prefecture,云南省,,,,,0,
西双版纳傣族自治州,Xishuangbanna,prefecture,autonomous_prefecture,云南省,,,,,0,
大理白族自治州,Dali,prefecture,autonomous_prefecture,云南省,,,,,0,
德宏傣族景颇族自治州,Dehong,prefecture,autonomous_prefecture,云南省,,,,,0,
怒江傈僳族自治州,Nujiang,prefecture,autonomous_prefecture,云南省,,,,,0,
迪庆藏族自治州,Diqing,prefecture,autonomous_prefecture,云南省,,,,,0,
西安市,Xi'an,prefecture,prefecture_city,陕西省,Y,Y,省会,Y,254,xa
铜川市,Tongchuan,prefecture,prefecture_city,陕西省,,,,,0,
宝鸡市,Baoji,prefecture,prefecture_city,陕西省,,,,Y,40,baoji
咸阳市,Xianyang,prefecture,prefecture_city,陕西省,,,,,0,
渭南市,Weinan,prefecture,prefecture_city,陕西省,,,,,0,
延安市,Yan'an,prefecture,prefecture_city,陕西省,,,,,0,
汉中市,Hanzhong,prefecture,prefecture_city,陕西省,,,,Y,71,hanzhong
榆林市,Yulin,prefecture,prefecture_city,陕西省,,,,,0,
安康市,Ankang,prefecture,prefecture_city,陕西省,,,,Y,6,ankang
商洛市,Shangluo,prefecture,prefecture_city,陕西省,,,,,0,
兰州市,Lanzhou,prefecture,prefecture_city,甘肃省,Y,,省会,,0,
嘉峪关市,Jiayuguan,prefecture,prefecture_city,甘肃省,,,,,0,
金昌市,Jinchang,prefecture,prefecture_city,甘肃省,,,,,0,
白银市,Baiyin,prefecture,prefecture_city,甘肃省,,,,,0,baiyin
天水市,Tianshui,prefecture,prefecture_city,甘肃省,,,,,0,
武威市,Wuwei,prefecture,prefecture_city,甘肃省,,,,,0,
张掖市,Zhangye,prefecture,prefecture_city,甘肃省,,,,Y,39,zhangye
平凉市,Pingliang,prefecture,prefecture_city,甘肃省,,,,Y,10,pingliang
酒泉市,Jiuquan,prefecture,prefecture_city,甘肃省,,,,,0,
庆阳市,Qingyang,prefecture,prefecture_city,甘肃省,,,,,0,
定西市,Dingxi,prefecture,prefecture_city,甘肃省,,,,Y,31,dingxi
陇南市,Longnan,prefecture,prefecture_city,甘肃省,,,,,0,
临夏回族自治州,Linxia,prefecture,autonomous_prefecture,甘肃省,,,,Y,74,linxia
甘南藏族自治州,Gannan,prefecture,autonomous_prefecture,甘肃省,,,,,0,gnzrmzf
西宁市,Xining,prefecture,prefecture_city,青海省,Y,,省会,,0,
海东市,Haidong,prefecture,prefecture_city,青海省,,,,,0,
海北藏族自治州,Haibei,prefecture,autonomous_prefecture,青海省,,,,,0,
黄南藏族自治州,Huangnan,prefecture,autonomous_prefecture,青海省,,,,,0,
海南藏族自治州,Hainan Zang,prefecture,autonomous_prefecture,青海省,,,,Y,54,hainanzhou
果洛藏族自治州,Golog,prefecture,autonomous_prefecture,青海省,,,,,0,
玉树藏族自治州,Yushu,prefecture,autonomous_prefecture,青海省,,,,Y,22,yushu
海西蒙古族藏族自治州,Haixi,prefecture,autonomous_prefecture,青海省,,,,,0,
呼和浩特市,Hohhot,prefecture,prefecture_city,内蒙古自治区,Y,,省会,,0,
包头市,Baotou,prefecture,prefecture_city,内蒙古自治区,,,,,0,
乌海市,Wuhai,prefecture,prefecture_city,内蒙古自治区,,,,,0,wuhai
赤峰市,Chifeng,prefecture,prefecture_city,内蒙古自治区,,,,,0,
通辽市,Tongliao,prefecture,prefecture_city,内蒙古自治区,,,,Y,41,tongliao
鄂尔多斯市,Ordos,prefecture,prefecture_city,内蒙古自治区,,,,Y,53,ordos
呼伦贝尔市,Hulunbuir,prefecture,prefecture_city,内蒙古自治区,,,,,0,
巴彦淖尔市,Bayannur,prefecture,prefecture_city,内蒙古自治区,,,,Y,35,bynr
乌兰察布市,Ulanqab,prefecture,prefecture_city,内蒙古自治区,,,,,0,
兴安盟,Xingan,prefecture,league,内蒙古自治区,,,,,0,dxal
锡林郭勒盟,Xilingol,prefecture,league,内蒙古自治区,,,,Y,94,xlgl
阿拉善盟,Alxa,prefecture,league,内蒙古自治区,,,,,0,
南宁市,Nanning,prefecture,prefecture_city,广西壮族自治区,Y,,省会,,0,
柳州市,Liuzhou,prefecture,prefecture_city,广西壮族自治区,,,,Y,121,liuzhou
桂林市,Guilin,prefecture,prefecture_city,广西壮族自治区,,,,,0,
梧州市,Wuzhou,prefecture,prefecture_city,广西壮族自治区,,,,,0,
北海市,Beihai,prefecture,prefecture_city,广西壮族自治区,,,,,0,
防城港市,Fangchenggang,prefecture,prefecture_city,广西壮族自治区,,,,,0,
钦州市,Qinzhou,prefecture,prefecture_city,广西壮族自治区,,,,,0,
贵港市,Guigang,prefecture,prefecture_city,广西壮族自治区,,,,,0,
玉林市,Yulin,prefecture,prefecture_city,广西壮族自治区,,,,,0,
百色市,Baise,prefecture,prefecture_city,广西壮族自治区,,,,,0,
贺州市,Hezhou,prefecture,prefecture_city,广西壮族自治区,,,,,0,
河池市,Hechi,prefecture,prefecture_city,广西壮族自治区,,,,,0,
来宾市,Laibin,prefecture,prefecture_city,广西壮族自治区,,,,,0,
崇左市,Chongzuo,prefecture,prefecture_city,广西壮族自治区,,,,,0,
拉萨市,Lhasa,prefecture,prefecture_city,西藏自治区,Y,,省会,Y,23,lasa
日喀则市,Shigatse,prefecture,prefecture_city,西藏自治区,,,,,0,
昌都市,Qamdo,prefecture,prefecture_city,西藏自治区,,,,Y,24,changdu
林芝市,Nyingchi,prefecture,prefecture_city,西藏自治区,,,,Y,40,linzhi
山南市,Shannan,prefecture,prefecture_city,西藏自治区,,,,Y,96,shannan
那曲市,Nagqu,prefecture,prefecture_city,西藏自治区,,,source-map: 那曲地区; upgraded to city 2018,,0,naqu
阿里地区,Ngari,prefecture,prefecture,西藏自治区,,,,,0,al
银川市,Yinchuan,prefecture,prefecture_city,宁夏回族自治区,Y,,省会,Y,49,yinchuan
石嘴山市,Shizuishan,prefecture,prefecture_city,宁夏回族自治区,,,,Y,75,shizuishan
吴忠市,Wuzhong,prefecture,prefecture_city,宁夏回族自治区,,,,Y,19,wuzhong
固原市,Guyuan,prefecture,prefecture_city,宁夏回族自治区,,,,,0,
中卫市,Zhongwei,prefecture,prefecture_city,宁夏回族自治区,,,,,0,
乌鲁木齐市,Urumqi,prefecture,prefecture_city,新疆维吾尔自治区,Y,,省会,Y,44,wlmq
克拉玛依市,Karamay,prefecture,prefecture_city,新疆维吾尔自治区,,,,Y,55,klmy
吐鲁番市,Turpan,prefecture,prefecture_city,新疆维吾尔自治区,,,,Y,44,tlf
哈密市,Hami,prefecture,prefecture_city,新疆维吾尔自治区,,,,Y,44,hami
昌吉回族自治州,Changji,prefecture,autonomous_prefecture,新疆维吾尔自治区,,,,Y,37,cj
博尔塔拉蒙古自治州,Bortala,prefecture,autonomous_prefecture,新疆维吾尔自治区,,,,Y,100,xjboz
巴音郭楞蒙古自治州,Bayingolin,prefecture,autonomous_prefecture,新疆维吾尔自治区,,,,,0,xjbz
克孜勒苏柯尔克孜自治州,Kizilsu,prefecture,autonomous_prefecture,新疆维吾尔自治区,,,,Y,67,xjkz
伊犁哈萨克自治州,Ili,prefecture,autonomous_prefecture,新疆维吾尔自治区,,,,Y,85,xjyl
阿克苏地区,Aksu,prefecture,prefecture,新疆维吾尔自治区,,,,,0,
喀什地区,Kashgar,prefecture,prefecture,新疆维吾尔自治区,,,,Y,48,kashi
和田地区,Hotan,prefecture,prefecture,新疆维吾尔自治区,,,,Y,18,xjht
塔城地区,Tacheng,prefecture,prefecture,新疆维吾尔自治区,,,,Y,76,xjtc
阿勒泰地区,Altay,prefecture,prefecture,新疆维吾尔自治区,,,,,0,
阿拉尔市,Alar,prefecture,special_county_unit,新疆维吾尔自治区,,,新疆兵团(XPCC),Y,20,ale
北屯市,Beitun,prefecture,special_county_unit,新疆维吾尔自治区,,,新疆兵团(XPCC),Y,24,bts
胡杨河市,Huyanghe,prefecture,special_county_unit,新疆维吾尔自治区,,,新疆兵团(XPCC),Y,66,nqs
石河子市,Shihezi,prefecture,special_county_unit,新疆维吾尔自治区,,,新疆兵团(XPCC),,0,
图木舒克市,Tumxuk,prefecture,special_county_unit,新疆维吾尔自治区,,,新疆兵团(XPCC),,0,
五家渠市,Wujiaqu,prefecture,special_county_unit,新疆维吾尔自治区,,,新疆兵团(XPCC),Y,25,wjq
白杨市,Baiyang,prefecture,special_county_unit,新疆维吾尔自治区,,,新疆兵团(XPCC),,0,
白沙黎族自治县,Baisha,prefecture,special_county_unit,海南省,,,县级,,0,
保亭黎族苗族自治县,Baoting,prefecture,special_county_unit,海南省,,,县级,,0,
昌江黎族自治县,Changjiang,prefecture,special_county_unit,海南省,,,县级,,0,
澄迈县,Chengmai,prefecture,special_county_unit,海南省,,,县级,,0,
定安县,Dingan,prefecture,special_county_unit,海南省,,,县级,,0,
东方市,Dongfang,prefecture,special_county_unit,海南省,,,县级市,,0,
乐东黎族自治县,Ledong,prefecture,special_county_unit,海南省,,,县级,,0,
临高县,Lingao,prefecture,special_county_unit,海南省,,,县级,,0,
陵水黎族自治县,Lingshui,prefecture,special_county_unit,海南省,,,县级,,0,
琼海市,Qionghai,prefecture,special_county_unit,海南省,,,县级市,,0,
琼中黎族苗族自治县,Qiongzhong,prefecture,special_county_unit,海南省,,,县级,,0,
屯昌县,Tunchang,prefecture,special_county_unit,海南省,,,县级,,0,
万宁市,Wanning,prefecture,special_county_unit,海南省,,,县级市,,0,
文昌市,Wenchang,prefecture,special_county_unit,海南省,,,县级市,,0,
五指山市,Wuzhishan,prefecture,special_county_unit,海南省,,,县级市,,0,
潜江市,Qianjiang,prefecture,special_county_unit,湖北省,,,省直辖县级,Y,121,hbqj;qianjiang
神农架林区,Shennongjia,prefecture,special_county_unit,湖北省,,,省直辖林区,,0,
天门市,Tianmen,prefecture,special_county_unit,湖北省,,,省直辖县级,Y,18,tianmen
仙桃市,Xiantao,prefecture,special_county_unit,湖北省,,,省直辖县级,,0,
济源市,Jiyuan,prefecture,special_county_unit,河南省,,,省直辖县级,,0,jiyuan
