npc|National Laws Database (国家法律法规数据库)|central|29208
gov|State Council|central|20181
stdaily|Science & Technology Daily (科技日报)|media|12307
guancha|Guancha / Observer Network (观察者网)|media|11597
szdp|Dapeng New District|district|8586
bj|Beijing Municipality|provincial|8421
ifeng|Phoenix News (凤凰网风声)|media|6994
miit|Ministry of Industry and Information Technology|central|6580
szlhq|Longhua District|district|6280
gd|Guangdong Province|provincial|6216
jieyang|Jieyang|municipal|5872
js|Jiangsu Province|provincial|5231
zhongshan|Zhongshan|municipal|5152
ga|Public Security Bureau|department|5093
chinatax|State Taxation Administration (国家税务总局)|central|5015
xinhua|Xinhua News Agency (新华社/新华网)|media|4976
suzhou|Suzhou Municipality|municipal|4908
mzj|Civil Affairs Bureau|department|4847
jiangmen|Jiangmen|municipal|4410
samr|State Administration for Market Regulation|central|4093
sh|Shanghai Municipality|provincial|4008
szlg|Longgang District|district|3893
huizhou|Huizhou|municipal|3826
heyuan|Heyuan|municipal|3777
zhuhai|Zhuhai|municipal|3706
gz|Guangzhou|municipal|3656
shanwei|Shanwei|municipal|3610
qbitai|QbitAI (量子位 · AI media)|media|3329
mof|Ministry of Finance|central|3319
hrss|Human Resources & Social Security|department|3106
mofcom|Ministry of Commerce|central|3062
swj|Commerce Bureau|department|2920
jtys|Transport Bureau|department|2903
sz_invest|Shenzhen Investment Portal|municipal|2761
zjj|Housing & Construction Bureau|department|2662
stic|S&T Innovation Bureau|department|2515
yangjiang|Yangjiang|municipal|2355
cac|Cyberspace Administration of China|central|2319
hlj|Heilongjiang Province|provincial|2277
sf|Justice Bureau|department|2033
yjgl|Emergency Management Bureau|department|2018
szeb|Education Bureau|department|2012
fgw|Development & Reform Commission|department|1953
people|People's Daily (人民日报)|media|1685
ndrc|National Development and Reform Commission|central|1656
szpsq|Pingshan District|district|1635
shaoguan|Shaoguan|municipal|1613
most|Ministry of Science and Technology|central|1601
cq|Chongqing Municipality|municipal|1295
wjw|Health Commission|department|1262
mot|Ministry of Transport (交通运输部)|central|1219
sic|State Information Center (国家信息中心)|central|1168
sz|Shenzhen Main Portal|municipal|1124
chinalawtranslate|China Law Translate|research|1103
wuhan|Wuhan Municipality|municipal|1002
szgm|Guangming District|district|913
chinapeace|Central Political & Legal Affairs Commission (中央政法委)|central|782
szlh|Luohu District|district|762
liaoning|Liaoning Province (辽宁省)|provincial|674
yunfu|Yunfu|municipal|658
mee|Ministry of Ecology and Environment|central|595
shandong|Shandong Province (山东省)|provincial|505
fj_tyjrswt|福建省退役军人事务厅|provincial|498
audit|Audit Bureau|department|475
36kr|36Kr (36氪)|media|475
nda|National Data Administration|central|470
gdstats|Guangdong Statistics Bureau (统计局)|provincial|450
gdhsa|Guangdong Healthcare Security Bureau (医保局)|provincial|447
qingdao|Qingdao (青岛市)|municipal|440
qstheory|Qiushi (求是网)|media|415
fj_xxzx|福建省经济信息中心|provincial|402
ipc_court|Supreme Court IP Tribunal (最高人民法院知识产权法庭)|central|377
fj_lsj|福建省粮食和物资储备局|provincial|377
gdedu|Guangdong Education Dept (教育厅)|provincial|350
gdjt|Guangdong Transport Dept (交通运输厅)|provincial|348
gdwjw|Guangdong Health Commission (卫健委)|provincial|348
gddrc|Guangdong Development & Reform Commission (发改委)|provincial|347
js_mzt|Jiangsu Civil Affairs Dept (江苏民政厅)|provincial|346
moe|Ministry of Education (教育部)|central|344
fujian|Fujian Province (福建省)|provincial|339
latepost|LatePost (晚点LatePost)|media|325
jilin|Jilin Province (吉林省)|provincial|319
zj|Zhejiang Province (Depts)|provincial|313
fj_kjt|福建省科学技术厅|provincial|310
szns|Nanshan District|district|309
fj_gdj|福建省广播电视局|provincial|302
gdstc|Guangdong Science & Tech Dept (科技厅)|provincial|300
gdmz|Guangdong Civil Affairs Dept (民政厅)|provincial|300
gdee|Guangdong Ecology & Environment Dept (生态环境厅)|provincial|300
gdcom|Guangdong Commerce Dept (商务厅)|provincial|300
gdct|Guangdong Culture & Tourism Dept (文旅厅)|provincial|300
gdnr|Guangdong Natural Resources Dept (自然资源厅)|provincial|299
gdzjst|Guangdong Housing & Construction Dept (住建厅)|provincial|299
gdczt|Guangdong Finance Dept (财政厅)|provincial|299
gdii|Guangdong Industry & IT Dept (工信厅)|provincial|296
chaoyang|朝阳市|municipal|282
fj_sjt|福建省审计厅|provincial|271
fj_sft|福建省司法厅|provincial|268
fj_gxt|福建省工业和信息化厅|provincial|263
fj_mzt|福建省民政厅|provincial|262
fj_hyyyj|福建省海洋与渔业局|provincial|261
fj_jtyst|福建省交通运输厅|provincial|257
fj_sthjt|福建省生态环境厅|provincial|256
bjd_xicheng|Beijing Xicheng District (北京西城区)|district|254
xa|西安市|municipal|254
gdny|Guangdong Agriculture & Rural Affairs Dept (农业农村厅)|provincial|249
fj_fgw|福建省发展和改革委员会|provincial|249
fj_zjt|福建省住房和城乡建设厅|provincial|248
elsewhere|Elsewhere (别处 · VC/AI tech news)|media|247
csrc|China Securities Regulatory Commission (证监会)|central|234
fj_gdb|福建省国防动员办公室|provincial|231
fj_gzw|福建省人民政府国有资产监督管理委员会|provincial|231
fj_rst|福建省人力资源和社会保障厅|provincial|217
szft|Futian District|district|211
fj_czt|福建省财政厅|provincial|209
gdlyj|Guangdong Forestry Bureau (林业局)|provincial|199
fj_mzzjt|福建省民族与宗教事务厅|provincial|199
bjd_tongzhou|Beijing Tongzhou District (北京通州区)|district|199
fj_yjt|福建省应急管理厅|provincial|197
fj_slt|福建省水利厅|provincial|196
fj_scjgj|福建省市场监督管理局(知识产权局)|provincial|191
fj_tjj|福建省统计局|provincial|191
fj_lyj|福建省林业局|provincial|191
js_kxjst|Jiangsu S&T Dept (江苏科技厅)|provincial|191
fj_jgswglj|福建省机关事务管理局|provincial|185
fj_swt|福建省商务厅|provincial|182
jcgov|晋城市|municipal|182
cppcc|CPPCC National Committee (全国政协)|central|180
fj_ybj|福建省医疗保障局|provincial|180
qinghai|Qinghai (青海省)|provincial|175
shenyang|Shenyang (沈阳市)|municipal|174
nhsa|National Healthcare Security Admin (国家医保局)|central|170
nx_nynct|Ningxia Agriculture & Rural Affairs Dept (宁夏农业农村厅)|provincial|170
njd_jiangning|Nanjing Jiangning District (南京江宁区)|district|168
fj_wjw|福建省卫生健康委员会|provincial|165
cnipa|National IP Administration (国家知识产权局)|central|165
bjd_daxing|Beijing Daxing District (北京大兴区)|district|162
fj_wb|福建省人民政府外事办公室网站|provincial|158
js_gxt|Jiangsu Industry & IT (江苏工信厅)|provincial|157
fj_wlt|福建省文化和旅游厅|provincial|155
fj_jyt|福建省教育厅|provincial|152
bjd_huairou|Beijing Huairou District (北京怀柔区)|district|151
js_jtyst|Jiangsu Transport (江苏交通厅)|provincial|149
bjd_dongcheng|Beijing Dongcheng District (北京东城区)|district|143
fj_nynct|福建省农业农村厅|provincial|141
caac|Civil Aviation Administration (中国民用航空局)|central|141
cq_tyj|重庆市体育局|provincial|139
cq_gxq|重庆高新技术产业开发区管理委员会|provincial|133
cq_sww|重庆市商务委员会|provincial|131
xizang|Tibet (西藏自治区)|provincial|126
fj_bb|中共福建省委机构编制委员会办公室|provincial|125
liuzhou|Liuzhou (柳州市)|municipal|121
nsfc|National Natural Science Foundation (国家自然科学基金委)|central|120
spc|Supreme People's Court (最高人民法院)|central|119
liaoyuan|Liaoyuan (辽源市)|municipal|119
dandong|丹东市|municipal|118
fj_gat|福建公安公众服务网|provincial|113
wuhu|芜湖市|municipal|113
suzhou_ah|Suzhou, Anhui (宿州市)|municipal|108
wuxi|无锡市|municipal|108
lvliang|吕梁市|municipal|105
leshan|乐山市|municipal|102
gdyjt|Guangdong Emergency Management Dept (应急管理厅)|provincial|100
hn_kjt|Hunan S&T Dept (湖南科技厅)|provincial|100
xjboz|博尔塔拉蒙古自治州|municipal|100
yc|伊春市|municipal|98
bjd_miyun|Beijing Miyun District (北京密云区)|district|97
saac|National Archives Administration (国家档案局)|central|97
bjd_pinggu|Beijing Pinggu District (北京平谷区)|district|96
shannan|Shannan (山南市)|municipal|96
js_sthjt|Jiangsu Ecology & Environment Dept (江苏生态环境厅)|provincial|95
sd_gxt|Shandong Industry & IT Dept (山东工信厅)|provincial|94
xlgl|锡林郭勒盟|municipal|94
xz_sti|Tibet Science & Technology Dept (西藏科技厅)|provincial|92
nx_jst|Ningxia Housing & Construction Dept (宁夏住建厅)|provincial|92
shb_yjj|Shanghai Emergency Management Bureau (上海市应急管理局)|municipal|91
nx_jtt|Ningxia Transport Dept (宁夏交通厅)|provincial|90
fj_tyj|福建省体育局|provincial|90
bjd_fengtai|Beijing Fengtai District (北京丰台区)|district|90
cnao|National Audit Office (审计署)|central|90
nx_whhlyt|Ningxia Culture & Tourism Dept (宁夏文旅厅)|provincial|88
xz_nynct|Tibet Agriculture & Rural Affairs Dept (西藏农业农村厅)|provincial|86
xz_swt|Tibet Commerce Dept (西藏商务厅)|provincial|85
nx_fzggw|Ningxia DRC (宁夏发改委)|provincial|85
cq_ws|重庆市万盛经济技术开发区管理委员会|provincial|85
xjyl|伊犁哈萨克自治州|municipal|85
njd_gulou|Nanjing Gulou District (南京鼓楼区)|district|84
nx_dofcom|Ningxia Commerce Dept (宁夏商务厅)|provincial|82
dangyuan|CPC Members Network (共产党员网)|central|81
cqd_yuzhong|Chongqing Yuzhong District (重庆渝中区)|district|81
hbqj|潜江市|municipal|81
nx_czt|Ningxia Finance Dept (宁夏财政厅)|provincial|80
jl_czt|Jilin Finance Dept (吉林财政厅)|provincial|80
bjb_sw|Beijing Water Authority (北京市水务局)|municipal|79
js_fzggw|Jiangsu DRC (江苏发改委)|provincial|77
sd_kjt|Shandong S&T Dept (山东科技厅)|provincial|77
nx_ylbz|Ningxia Healthcare Security Bureau (宁夏医保局)|provincial|76
cq_tjj|重庆市统计局|provincial|76
cas|Chinese Academy of Sciences (中国科学院)|central|76
whd_donghu|Wuhan East Lake High-Tech Zone (武汉东湖高新区)|district|75
natcm|National Administration of TCM (国家中医药管理局)|central|75
js_wjw|Jiangsu Health Commission (江苏卫健委)|provincial|75
shizuishan|石嘴山市|municipal|75
linxia|Linxia Hui Prefecture (临夏回族自治州)|municipal|74
nx_zrzyt|Ningxia Natural Resources Dept (宁夏自然资源厅)|provincial|73
jl_kjt|Jilin S&T Dept (吉林科技厅)|provincial|73
bjb_jtw|Beijing Transport Commission (北京市交通委)|municipal|73
bjb_wjw|Beijing Health Commission (北京市卫健委)|municipal|72
fuzhou_fj|Fuzhou (福州市)|municipal|72
tsinghua_aiig|Tsinghua AIIG (清华大学人工智能国际治理研究院)|research|71
xz_hrss|Tibet Human Resources & Social Security Dept (西藏人社厅)|provincial|71
whd_qiaokou|Wuhan Qiaokou District (武汉硚口区)|district|71
shb_stcsm|Shanghai S&T Commission (上海市科委)|municipal|71
hanzhong|Hanzhong (汉中市)|municipal|71
shijiazhuang|Shijiazhuang (石家庄市)|municipal|71
ganzhou|Ganzhou (赣州市)|municipal|71
sastind|State Admin for Sci-Tech & Industry for Nat'l Defense (国防科工局)|central|70
taian|泰安市|municipal|69
cq_jtysw|重庆市交通运输委员会|provincial|68
gdga|Guangdong Public Security Dept (公安厅)|provincial|67
bjd_fangshan|Beijing Fangshan District (北京房山区)|district|67
xjkz|克孜勒苏柯尔克孜自治州|municipal|67
nx_nxyjglt|Ningxia Emergency Management Dept (宁夏应急管理厅)|provincial|66
shuozhou_c2|朔州市|municipal|66
bjd_shijingshan|Beijing Shijingshan District (北京石景山区)|district|65
yantai|Yantai (烟台市)|municipal|65
abazhou|阿坝藏族羌族自治州|municipal|65
cq_czj|重庆市财政局|provincial|64
cq_jjxxw|重庆市经济和信息化委员会|provincial|63
hn_jyt|Hunan Education Dept (湖南教育厅)|provincial|62
changzhi|Changzhi (长治市)|municipal|62
nbs|National Bureau of Statistics (国家统计局)|central|61
hn_fgw|Hunan DRC (湖南发改委)|provincial|61
bjb_swj|Beijing Commerce Bureau (北京市商务局)|municipal|61
bjb_jw|Beijing Education Commission (北京市教委)|municipal|61
mwr|Ministry of Water Resources (水利部)|central|60
nx_kjt|Ningxia Science & Technology Dept (宁夏科技厅)|provincial|60
cq_gaj|重庆市公安局|provincial|60
js_scjgj|Jiangsu Market Regulation Bureau (江苏市场监管局)|provincial|60
xz_zrzyt|Tibet Natural Resources Dept (西藏自然资源厅)|provincial|59
nx_hrss|Ningxia Human Resources & Social Security Dept (宁夏人社厅)|provincial|59
cq_sthjj|重庆市生态环境局|provincial|59
nfsra|National Food & Strategic Reserves Admin (国家粮食和物资储备局)|central|59
jl_jldrc|Jilin DRC (吉林发改委)|provincial|59
bjb_tjj|Beijing Statistics Bureau (北京市统计局)|municipal|59
xz_wlt|Tibet Culture & Tourism Dept (西藏文旅厅)|provincial|58
nx_sft|Ningxia Justice Dept (宁夏司法厅)|provincial|58
fj_qb|福建侨网|provincial|58
bjb_kw|Beijing S&T Commission (北京市科委)|municipal|58
bjb_nyncj|Beijing Agriculture & Rural Affairs Bureau (北京市农业农村局)|municipal|58
nx_gxt|Ningxia Industry & IT Dept (宁夏工信厅)|provincial|57
xz_drc|Tibet DRC (西藏发改委)|provincial|56
nx_sjt|Ningxia Audit Dept (宁夏审计厅)|provincial|56
cq_nyncw|重庆市农业农村委员会|provincial|56
hn_rst|Hunan HR & Social Security Dept (湖南人社厅)|provincial|56
cq_cgj|重庆市城市管理局|provincial|55
cq_yjj|重庆市应急管理局|provincial|55
cma|China Meteorological Administration (中国气象局)|central|55
bjb_yjj|Beijing Emergency Management Bureau (北京市应急管理局)|municipal|55
klmy|克拉玛依市|municipal|55
xz_sft|Tibet Justice Dept (西藏司法厅)|provincial|54
nx_mca|Ningxia Civil Affairs Dept (宁夏民政厅)|provincial|54
nx_sthjt|Ningxia Ecology & Environment Dept (宁夏生态环境厅)|provincial|54
cq_scjgj|重庆市市场监督管理局|provincial|54
shb_whlyj|Shanghai Culture & Tourism Bureau (上海市文旅局)|municipal|54
xz_mw|Tibet Ethnic Affairs Commission (西藏民委)|provincial|53
fj_zrzyt|福建省自然资源厅|provincial|53
ordos|Ordos (鄂尔多斯市)|municipal|53
xinjiang|Xinjiang (新疆维吾尔自治区)|provincial|52
xz_sport|Tibet Sports Bureau (西藏体育局)|provincial|51
cq_wsjkw|重庆市卫生健康委员会|provincial|51
cq_ylbzj|重庆市医疗保障局|provincial|51
laiwu|Laiwu (莱芜)|district|51
cq_jkq|重庆经济技术开发区|provincial|50
sm|三明市|municipal|50
shantou|Shantou|municipal|49
hangzhou|Hangzhou Municipality|municipal|49
nx_jyt|Ningxia Education Dept (宁夏教育厅)|provincial|49
cq_gzw|重庆市国有资产监督管理委员会门户网站|provincial|49
bjb_ybj|Beijing Medical Insurance Bureau (北京市医保局)|municipal|49
shb_ybj|Shanghai Medical Insurance Bureau (上海市医保局)|municipal|49
yinchuan|Yinchuan (银川市)|municipal|49
jining|济宁市|municipal|49
tonghua|通化市|municipal|49
cq_jw|重庆市教育委员会|provincial|48
bjd_haidian|Beijing Haidian District (北京海淀区)|district|48
kashi|喀什地区|municipal|48
nrta|Radio & Television Admin (广电总局)|central|47
cq_slj|重庆市水利局|provincial|47
cq_tyjrswj|重庆市退役军人事务局|provincial|47
cq_whlyw|重庆市文化和旅游发展委员会|provincial|47
cq_zfcxjw|重庆市住房和城乡建设委员会|provincial|47
cqd_jiulongpo|Chongqing Jiulongpo District (重庆九龙坡区)|district|47
bjb_jxj|Beijing Economy & IT Bureau (北京市经信局)|municipal|47
shb_edu|Shanghai Education Commission (上海市教委)|municipal|47
shuozhou|Shuozhou (朔州市)|municipal|47
cq_jgswj|重庆市机关事务管理局|provincial|46
cq_lyj|重庆市林业局|provincial|46
cq_zfkawlb|重庆市人民政府口岸和物流办公室|provincial|46
bjd_mentougou|Beijing Mentougou District (北京门头沟区)|district|46
bjb_sthjj|Beijing Ecology & Environment Bureau (北京市生态环境局)|municipal|46
shb_swj|Shanghai Water Authority (上海市水务局)|municipal|46
yuxi|Yuxi (玉溪市)|municipal|46
ningxia|Ningxia (宁夏回族自治区)|provincial|45
bjb_fgw|Beijing DRC (北京市发改委)|municipal|45
shb_fgw|Shanghai DRC (上海市发改委)|municipal|45
yancheng|盐城市|municipal|45
xz_jtt|Tibet Transport Dept (西藏交通厅)|provincial|44
cq_fzggw|重庆市发展和改革委员会|provincial|44
hn_gxt|Hunan Industry & IT Dept (湖南工信厅)|provincial|44
wlmq|乌鲁木齐市|municipal|44
tlf|吐鲁番市|municipal|44
hami|哈密市|municipal|44
xz_sjt|Tibet Water Resources Dept (西藏水利厅)|provincial|43
cq_mzj|重庆市民政局|provincial|43
jl_jyt|Jilin Education Dept (吉林教育厅)|provincial|43
cq_zscqj|重庆市知识产权局|provincial|42
hn_swt|Hunan Commerce Dept (湖南商务厅)|provincial|42
jl_swt|Jilin Commerce Dept (吉林商务厅)|provincial|42
bjb_sfj|Beijing Justice Bureau (北京市司法局)|municipal|42
tongliao|Tongliao (通辽市)|municipal|41
spp|Supreme People's Procuratorate (最高人民检察院)|central|40
fj_xfj|福建省信访局|provincial|40
baoji|Baoji (宝鸡市)|municipal|40
qianjiang|Qianjiang (潜江市)|municipal|40
linzhi|林芝市|municipal|40
cq_sfj|重庆市司法局|provincial|39
js_sft|Jiangsu Justice Dept (江苏司法厅)|provincial|39
zhangye|Zhangye (张掖市)|municipal|39
nx_wsjkw|Ningxia Health Commission (宁夏卫健委)|provincial|38
xz_ylbzj|Tibet Healthcare Security Bureau (西藏医保局)|provincial|37
whd_wuchang|Wuhan Wuchang District (武汉武昌区)|district|37
longyan|Longyan (龙岩市)|municipal|37
cj|昌吉回族自治州|municipal|37
zibo|淄博市|municipal|37
zhanjiang|湛江市|municipal|37
ln_czt|Liaoning Finance Dept (辽宁财政厅)|provincial|35
bjb_scjgj|Beijing Market Regulation Bureau (北京市市场监管局)|municipal|35
taizhou_js|Taizhou (泰州市)|municipal|35
bynr|巴彦淖尔市|municipal|35
cq_rlsbj|重庆市人力资源和社会保障局|provincial|34
shb_ghzyj|Shanghai Planning & Natural Resources Bureau (上海市规划资源局)|municipal|34
sasac|State-owned Assets Supervision & Admin Commission (国资委)|central|33
moj|Ministry of Justice (司法部)|central|33
xz_tjj|Tibet Statistics Bureau (西藏统计局)|provincial|32
xz_gat|Tibet Public Security Dept (西藏公安厅)|provincial|32
changchun|长春市|municipal|32
cq_rmfkb|重庆市国防动员办公室|provincial|31
hn_zrzyt|Hunan Natural Resources Dept (湖南自然资源厅)|provincial|31
shb_rsj|Shanghai HR & Social Security Bureau (上海市人社局)|municipal|31
dingxi|Dingxi (定西市)|municipal|31
pbc|People's Bank of China (中国人民银行)|central|30
tc260|National Cybersecurity Standardization TC (网安标委 TC260)|central|30
huangshi|Huangshi (黄石市)|municipal|30
mct|Ministry of Culture & Tourism (文旅部)|central|28
cq_jrjgj|重庆市地方金融管理局|provincial|28
huaibei|淮北市|municipal|28
huainan|淮南市|municipal|28
cq_xfb|重庆市信访办公众信息网|provincial|27
bjb_whlyj|Beijing Culture & Tourism Bureau (北京市文旅局)|municipal|27
shb_nyncw|Shanghai Agriculture & Rural Commission (上海市农业农村委)|municipal|27
js_czt|Jiangsu Finance Dept (江苏财政厅)|provincial|26
xz_wjw|Tibet Health Commission (西藏卫健委)|provincial|26
whd_hongshan|Wuhan Hongshan District (武汉洪山区)|district|26
ncha|National Cultural Heritage Administration (国家文物局)|central|26
mara|Ministry of Agriculture & Rural Affairs (农业农村部)|central|25
cq_gxhzs|重庆市供销合作总社|provincial|25
jl_zrzy|Jilin Natural Resources Dept (吉林自然资源厅)|provincial|25
shb_tjj|Shanghai Statistics Bureau (上海市统计局)|municipal|25
yanbian|延边朝鲜族自治州|municipal|25
wjq|五家渠市|municipal|25
xz_ee|Tibet Ecology & Environment Dept (西藏生态环境厅)|provincial|24
cq_dsjj|重庆市大数据应用发展管理局|provincial|24
cq_zfwb|重庆市人民政府外事办公室|provincial|24
bjb_rsj|Beijing HR & Social Security Bureau (北京市人社局)|municipal|24
xinxiang|新乡市|municipal|24
changdu|昌都市|municipal|24
bts|北屯市|municipal|24
whd_jiangan|Wuhan Jiang'an District (武汉江岸区)|district|23
jl_sthjt|Jilin Ecology & Environment Dept (吉林生态环境厅)|provincial|23
shb_sww|Shanghai Commerce Commission (上海市商务委)|municipal|23
huaihua|Huaihua (怀化市)|municipal|23
lasa|拉萨市|municipal|23
hn_sthjt|Hunan Ecology & Environment Dept (湖南生态环境厅)|provincial|22
shb_sfj|Shanghai Justice Bureau (上海市司法局)|municipal|22
yushu|Yushu (玉树藏族自治州)|municipal|22
ahsz|宿州市|municipal|22
fuxin|阜新市|municipal|22
cq_mzzjw|重庆市民族宗教事务委员会|provincial|21
safe|State Administration of Foreign Exchange (国家外汇管理局)|central|21
nia|National Immigration Administration (国家移民管理局)|central|21
hn_czt|Hunan Finance Dept (湖南财政厅)|provincial|21
ln_swt|Liaoning Commerce Dept (辽宁商务厅)|provincial|21
ln_jyt|Liaoning Education Dept (辽宁教育厅)|provincial|21
shb_mzj|Shanghai Civil Affairs Bureau (上海市民政局)|municipal|21
xz_tzcjj|Tibet Investment Promotion Bureau (西藏投资促进局)|provincial|20
sfa|National Forestry & Grassland Administration (国家林业和草原局)|central|20
ln_rst|Liaoning HR & Social Security Dept (辽宁人社厅)|provincial|20
shb_scjgj|Shanghai Market Supervision Administration (上海市市场监管局)|municipal|20
hunan|Hunan Province (湖南省)|provincial|19
sd_commerce|Shandong Commerce Dept (山东商务厅)|provincial|19
shb_jtw|Shanghai Transportation Commission (上海市交通委)|municipal|19
wuzhong|Wuzhong (吴忠市)|municipal|19
whd_jianghan|Wuhan Jianghan District (武汉江汉区)|district|18
jl_gxt|Jilin Industry & IT Dept (吉林工信厅)|provincial|18
tianmen|Tianmen (天门市)|municipal|18
xjht|和田地区|municipal|18
xz_tyjr|Tibet Veterans Affairs Dept (西藏退役军人事务厅)|provincial|17
neac|State Ethnic Affairs Commission (国家民委)|central|16
mva|Ministry of Veterans Affairs (退役军人事务部)|central|15
xz_mzt|Tibet Civil Affairs Dept (西藏民政厅)|provincial|15
spb|State Post Bureau (国家邮政局)|central|15
suihua|Suihua (绥化市)|municipal|14
jinan|Jinan (济南市)|municipal|13
cq_gbdsj|重庆市广播电视局|provincial|13
ln_sthj|Liaoning Ecology & Environment Dept (辽宁生态环境厅)|provincial|13
luan|六安市|municipal|13
bjb_czj|Beijing Finance Bureau (北京市财政局)|municipal|12
yueyang|岳阳市|municipal|12
ln_fgw|Liaoning DRC (辽宁发改委)|provincial|10
ln_kjt|Liaoning S&T Dept (辽宁科技厅)|provincial|10
bjb_ghzrzyw|Beijing Planning & Natural Resources Commission (北京市规划自然资源委)|municipal|10
pingliang|Pingliang (平凉市)|municipal|10
cq_sjj|重庆市审计局|provincial|9
weihai|Weihai (威海市)|municipal|9
cnsa|China National Space Administration (国家航天局)|central|8
mfa|Ministry of Foreign Affairs (外交部)|central|4
hegang|Hegang (鹤岗市)|municipal|3
mem|Ministry of Emergency Management (应急管理部)|central|2
sd_edu|Shandong Education Dept (山东教育厅)|provincial|2
jl_hrss|Jilin HR & Social Security Dept (吉林人社厅)|provincial|2
shb_sheitc|Shanghai Economy & Informatization Commission (上海市经信委)|municipal|2
yingkou|营口市|municipal|2
cctv|CCTV News (央视新闻)|media|1
cnr|China National Radio (央广网)|media|1
thepaper|The Paper (澎湃新闻)|media|1
peopleapp|People's Daily App (人民日报客户端)|media|1
newscn|Xinhua news.cn (新华社)|media|1
ankang|安康市|municipal|1
changde|常德市|municipal|1
fushun|抚顺市|municipal|1
xuchang|许昌市|municipal|1
zhaoqing|Zhaoqing|municipal|0
szyantian|Yantian District|district|0
gdhrss|Guangdong Human Resources Dept (人社厅)|provincial|0
ln_gxt|Liaoning Industry & IT Dept (辽宁工信厅)|provincial|0
sd_czt|Shandong Finance Dept (山东财政厅)|provincial|0
js_nynct|Jiangsu Agriculture & Rural Affairs Dept (江苏农业农村厅)|provincial|0
js_ybj|Jiangsu Healthcare Security Bureau (江苏医保局)|provincial|0
nea|National Energy Administration (国家能源局)|central|0
zhoukou|Zhoukou (周口市)|municipal|0
quanzhou|Quanzhou (泉州市)|municipal|0
jiyuan|Jiyuan (济源市)|municipal|0
linyi|临沂市|municipal|0
smx|三门峡市|municipal|0
mod|国防部|central|0
bozhou|亳州市|municipal|0
baoshan|保山市|municipal|0
nantong|南通市|municipal|0
shuangyashan|双鸭山市|municipal|0
siping|四平市|municipal|0
xjtc|塔城地区|municipal|0
dxal|大兴安岭地区|municipal|0
yichang|宜昌市|municipal|0
xuancheng|宣城市|municipal|0
xjbz|巴音郭楞蒙古自治州|municipal|0
changzhou|常州市|municipal|0
pds|平顶山市|municipal|0
lf|廊坊市|municipal|0
chengdu|成都市|municipal|0
jdz|景德镇市|municipal|0
qj|曲靖市|municipal|0
hainanzhou|海南藏族自治州|municipal|0
haikou|海口市|municipal|0
huaian|淮安市|municipal|0
gnzrmzf|甘南藏族自治州|municipal|0
baiyin|白银市|municipal|0
panjin|盘锦市|municipal|0
hh|红河哈尼族彝族自治州|municipal|0
liaocheng|聊城市|municipal|0
maoming|茂名市|municipal|0
heze|菏泽市|municipal|0
lyg|连云港市|municipal|0
naqu|那曲地区|municipal|0
zhengzhou|郑州市|municipal|0
tl|铜陵市|municipal|0
fuyang|阜阳市|municipal|0
al|阿里地区|municipal|0
suizhou|随州市|municipal|0
jixi|鸡西市|municipal|0
heihe|黑河市|municipal|0
wuhai|乌海市|municipal|0
ale|阿拉尔市|municipal|0
nqs|胡杨河市|municipal|0
