# provincial_gdp.csv — 31 provincial-level units, current prices.
# Built by scripts/rnd/analysis/site_selection_gdp.py build-gdp. Sources:
#   NBS China Statistical Yearbook 2009 [gdp]: https://www.stats.gov.cn/sj/ndsj/2009/html/C0214C.xls
#   NBS China Statistical Yearbook 2010 [gdp]: https://www.stats.gov.cn/sj/ndsj/2010/html/C0214C.xls
#   NBS China Statistical Yearbook 2011 [gdp]: https://www.stats.gov.cn/sj/ndsj/2011/html/C0214C.xls
#   NBS China Statistical Yearbook 2012 [gdp]: https://www.stats.gov.cn/sj/ndsj/2012/html/C0214C.xls
#   NBS China Statistical Yearbook 2013 [gdp]: https://www.stats.gov.cn/sj/ndsj/2013/html/Z0214C.xls
#   NBS China Statistical Yearbook 2014 [gdp]: https://www.stats.gov.cn/sj/ndsj/2014/zk/html/Z0314C.xls
#   NBS China Statistical Yearbook 2013 [pc]: https://www.stats.gov.cn/sj/ndsj/2013/html/Z0215C.xls
#   NBS China Statistical Yearbook 2014 [pc]: https://www.stats.gov.cn/sj/ndsj/2014/zk/html/Z0315C.xls
#   NBS China Statistical Yearbook 2013 [pop]: https://www.stats.gov.cn/sj/ndsj/2013/html/Z0305C.xls
#   NBS China Statistical Yearbook 2014 [pop]: https://www.stats.gov.cn/sj/ndsj/2014/zk/html/Z0205C.xls
#   NBS China Statistical Yearbook 2021 [pop]: https://www.stats.gov.cn/sj/ndsj/2021/html/C02-05.xls
#   NBS-revised series as tabulated on Wikipedia [pc]: https://en.wikipedia.org/wiki/List_of_Chinese_provincial-level_divisions_by_GDP_per_capita
#   NBS-revised series as tabulated on Wikipedia [gdp]: https://en.wikipedia.org/wiki/List_of_Chinese_administrative_divisions_by_GDP
# gdp_total_100m_yuan = 亿元; gdp_per_capita_yuan = 元; population_10k = 万人 (year-end resident population,
#   or GDP/per-capita for the revised-series years). `source` tells which vintage a row comes from;
#   rows with source=interp_2013_2020 are interpolated (2014-2019) and should be treated as ranks, not levels.
province,year,gdp_total_100m_yuan,gdp_per_capita_yuan,population_10k,source,note
北京,2000,3328.0,25405,1310.0,nbs_revised_wiki,GDP and per-capita from NBS-revised series; population derived = GDP/pc
北京,2004,6060.28,40591,1493.0,nbs_yearbook_2009_derived,per-capita derived = GDP / year-end population (yearbook vintage)
北京,2005,6969.52,45315,1538.0,nbs_yearbook_2010_derived,per-capita derived = GDP / year-end population (yearbook vintage)
北京,2006,8117.78,50704,1601.0,nbs_yearbook_2011_derived,per-capita derived = GDP / year-end population (yearbook vintage)
北京,2007,9846.81,58752,1676.0,nbs_yearbook_2012_derived,per-capita derived = GDP / year-end population (yearbook vintage)
北京,2008,11115.0,64491,1771.0,nbs_yearbook_2013,per-capita as published (yearbook vintage)
北京,2009,12153.03,66940,1860.0,nbs_yearbook_2014,per-capita as published (yearbook vintage)
北京,2010,14113.58,73856,1961.9,nbs_yearbook_2014,per-capita as published (yearbook vintage)
北京,2011,16251.93,81658,2024.0,nbs_yearbook_2014,per-capita as published (yearbook vintage)
北京,2012,17879.4,87475,2078.0,nbs_yearbook_2014,per-capita as published (yearbook vintage)
北京,2013,19500.56,93213,2125.0,nbs_yearbook_2014,per-capita as published (yearbook vintage)
北京,2014,22157.42,102061,2171.0,interp_2013_2020,per-capita log-linear interpolation between NBS 2013 (vintage) and 2020 (revised); population NBS yearbook 2021
北京,2015,24450.61,111749,2188.0,interp_2013_2020,per-capita log-linear interpolation between NBS 2013 (vintage) and 2020 (revised); population NBS yearbook 2021
北京,2016,26857.15,122356,2195.0,interp_2013_2020,per-capita log-linear interpolation between NBS 2013 (vintage) and 2020 (revised); population NBS yearbook 2021
北京,2017,29393.07,133970,2194.0,interp_2013_2020,per-capita log-linear interpolation between NBS 2013 (vintage) and 2020 (revised); population NBS yearbook 2021
北京,2018,32153.76,146687,2192.0,interp_2013_2020,per-capita log-linear interpolation between NBS 2013 (vintage) and 2020 (revised); population NBS yearbook 2021
北京,2019,35173.72,160611,2190.0,interp_2013_2020,per-capita log-linear interpolation between NBS 2013 (vintage) and 2020 (revised); population NBS yearbook 2021
北京,2020,38503.6,175856,2189.5,nbs_revised_wiki,GDP and per-capita from NBS-revised series; population derived = GDP/pc
北京,2021,44350.7,202607,2189.0,nbs_revised_wiki,GDP and per-capita from NBS-revised series; population derived = GDP/pc
北京,2022,45222.4,206826,2186.5,nbs_revised_wiki,GDP and per-capita from NBS-revised series; population derived = GDP/pc
北京,2023,47353.7,216722,2185.0,nbs_revised_wiki,GDP and per-capita from NBS-revised series; population derived = GDP/pc
北京,2024,49670.2,228167,2176.9,nbs_revised_wiki,GDP and per-capita from NBS-revised series; population derived = GDP/pc
北京,2025,52073.0,238705,2181.5,nbs_revised_wiki,GDP and per-capita from NBS-revised series; population derived = GDP/pc
天津,2000,1608.4,16412,980.0,nbs_revised_wiki,GDP and per-capita from NBS-revised series; population derived = GDP/pc
天津,2004,3110.97,30381,1024.0,nbs_yearbook_2009_derived,per-capita derived = GDP / year-end population (yearbook vintage)
天津,2005,3905.64,37463,1042.5,nbs_yearbook_2010_derived,per-capita derived = GDP / year-end population (yearbook vintage)
天津,2006,4462.74,41514,1075.0,nbs_yearbook_2011_derived,per-capita derived = GDP / year-end population (yearbook vintage)
天津,2007,5252.76,47110,1115.0,nbs_yearbook_2012_derived,per-capita derived = GDP / year-end population (yearbook vintage)
天津,2008,6719.01,58656,1176.0,nbs_yearbook_2013,per-capita as published (yearbook vintage)
天津,2009,7521.85,62574,1228.2,nbs_yearbook_2014,per-capita as published (yearbook vintage)
天津,2010,9224.46,72994,1299.3,nbs_yearbook_2014,per-capita as published (yearbook vintage)
天津,2011,11307.28,85213,1341.0,nbs_yearbook_2014,per-capita as published (yearbook vintage)
天津,2012,12893.88,93173,1378.0,nbs_yearbook_2014,per-capita as published (yearbook vintage)
天津,2013,14370.16,99607,1410.0,nbs_yearbook_2014,per-capita as published (yearbook vintage)
天津,2014,14295.66,100040,1429.0,interp_2013_2020,per-capita log-linear interpolation between NBS 2013 (vintage) and 2020 (revised); population NBS yearbook 2021
天津,2015,14458.22,100474,1439.0,interp_2013_2020,per-capita log-linear interpolation between NBS 2013 (vintage) and 2020 (revised); population NBS yearbook 2021
天津,2016,14561.38,100910,1443.0,interp_2013_2020,per-capita log-linear interpolation between NBS 2013 (vintage) and 2020 (revised); population NBS yearbook 2021
天津,2017,14290.17,101349,1410.0,interp_2013_2020,per-capita log-linear interpolation between NBS 2013 (vintage) and 2020 (revised); population NBS yearbook 2021
天津,2018,14077.41,101789,1383.0,interp_2013_2020,per-capita log-linear interpolation between NBS 2013 (vintage) and 2020 (revised); population NBS yearbook 2021
天津,2019,14158.99,102231,1385.0,interp_2013_2020,per-capita log-linear interpolation between NBS 2013 (vintage) and 2020 (revised); population NBS yearbook 2021
天津,2020,14230.8,102675,1386.0,nbs_revised_wiki,GDP and per-capita from NBS-revised series; population derived = GDP/pc
天津,2021,16093.2,116618,1380.0,nbs_revised_wiki,GDP and per-capita from NBS-revised series; population derived = GDP/pc
天津,2022,16588.5,121261,1368.0,nbs_revised_wiki,GDP and per-capita from NBS-revised series; population derived = GDP/pc
天津,2023,17211.8,126232,1363.5,nbs_revised_wiki,GDP and per-capita from NBS-revised series; population derived = GDP/pc
天津,2024,17931.3,132143,1357.0,nbs_revised_wiki,GDP and per-capita from NBS-revised series; population derived = GDP/pc
天津,2025,18539.82,135972,1363.5,nbs_revised_wiki,GDP and per-capita from NBS-revised series; population derived = GDP/pc
河北,2000,4663.7,7019,6644.4,nbs_revised_wiki,GDP and per-capita from NBS-revised series; population derived = GDP/pc
河北,2004,8477.63,12451,6809.0,nbs_yearbook_2009_derived,per-capita derived = GDP / year-end population (yearbook vintage)
河北,2005,10012.11,14614,6850.8,nbs_yearbook_2010_derived,per-capita derived = GDP / year-end population (yearbook vintage)
河北,2006,11467.6,16625,6897.9,nbs_yearbook_2011_derived,per-capita derived = GDP / year-end population (yearbook vintage)
河北,2007,13607.32,19598,6943.2,nbs_yearbook_2012_derived,per-capita derived = GDP / year-end population (yearbook vintage)
河北,2008,16011.97,22986,6988.8,nbs_yearbook_2013,per-capita as published (yearbook vintage)
河北,2009,17235.48,24581,7034.4,nbs_yearbook_2014,per-capita as published (yearbook vintage)
河北,2010,20394.26,28668,7193.6,nbs_yearbook_2014,per-capita as published (yearbook vintage)
河北,2011,24515.76,33969,7232.0,nbs_yearbook_2014,per-capita as published (yearbook vintage)
河北,2012,26575.01,36584,7262.0,nbs_yearbook_2014,per-capita as published (yearbook vintage)
河北,2013,28301.41,38716,7288.0,nbs_yearbook_2014,per-capita as published (yearbook vintage)
河北,2014,29355.13,40086,7323.0,interp_2013_2020,per-capita log-linear interpolation between NBS 2013 (vintage) and 2020 (revised); population NBS yearbook 2021
河北,2015,30485.35,41505,7345.0,interp_2013_2020,per-capita log-linear interpolation between NBS 2013 (vintage) and 2020 (revised); population NBS yearbook 2021
河北,2016,31693.18,42974,7375.0,interp_2013_2020,per-capita log-linear interpolation between NBS 2013 (vintage) and 2020 (revised); population NBS yearbook 2021
河北,2017,32966.11,44495,7409.0,interp_2013_2020,per-capita log-linear interpolation between NBS 2013 (vintage) and 2020 (revised); population NBS yearbook 2021
河北,2018,34211.14,46069,7426.0,interp_2013_2020,per-capita log-linear interpolation between NBS 2013 (vintage) and 2020 (revised); population NBS yearbook 2021
河北,2019,35522.08,47700,7447.0,interp_2013_2020,per-capita log-linear interpolation between NBS 2013 (vintage) and 2020 (revised); population NBS yearbook 2021
河北,2020,36821.5,49388,7455.6,nbs_revised_wiki,GDP and per-capita from NBS-revised series; population derived = GDP/pc
河北,2021,41205.4,55265,7456.0,nbs_revised_wiki,GDP and per-capita from NBS-revised series; population derived = GDP/pc
河北,2022,43198.3,58109,7434.0,nbs_revised_wiki,GDP and per-capita from NBS-revised series; population derived = GDP/pc
河北,2023,45660.0,61649,7406.4,nbs_revised_wiki,GDP and per-capita from NBS-revised series; population derived = GDP/pc
河北,2024,47448.1,64352,7373.2,nbs_revised_wiki,GDP and per-capita from NBS-revised series; population derived = GDP/pc
河北,2025,49305.2,66936,7366.0,nbs_revised_wiki,GDP and per-capita from NBS-revised series; population derived = GDP/pc
山西,2000,1861.9,5772,3225.7,nbs_revised_wiki,GDP and per-capita from NBS-revised series; population derived = GDP/pc
山西,2004,3571.37,10709,3335.0,nbs_yearbook_2009_derived,per-capita derived = GDP / year-end population (yearbook vintage)
山西,2005,4230.53,12609,3355.2,nbs_yearbook_2010_derived,per-capita derived = GDP / year-end population (yearbook vintage)
山西,2006,4878.61,14457,3374.6,nbs_yearbook_2011_derived,per-capita derived = GDP / year-end population (yearbook vintage)
山西,2007,6024.45,17758,3392.6,nbs_yearbook_2012_derived,per-capita derived = GDP / year-end population (yearbook vintage)
山西,2008,7315.4,21506,3410.6,nbs_yearbook_2013,per-capita as published (yearbook vintage)
山西,2009,7358.31,21522,3427.4,nbs_yearbook_2014,per-capita as published (yearbook vintage)
山西,2010,9200.86,26283,3574.1,nbs_yearbook_2014,per-capita as published (yearbook vintage)
山西,2011,11237.55,31357,3562.0,nbs_yearbook_2014,per-capita as published (yearbook vintage)
山西,2012,12112.83,33628,3548.0,nbs_yearbook_2014,per-capita as published (yearbook vintage)
山西,2013,12602.24,34813,3535.0,nbs_yearbook_2014,per-capita as published (yearbook vintage)
山西,2014,13010.37,36877,3528.0,interp_2013_2020,per-capita log-linear interpolation between NBS 2013 (vintage) and 2020 (revised); population NBS yearbook 2021
山西,2015,13746.75,39064,3519.0,interp_2013_2020,per-capita log-linear interpolation between NBS 2013 (vintage) and 2020 (revised); population NBS yearbook 2021
山西,2016,14541.27,41381,3514.0,interp_2013_2020,per-capita log-linear interpolation between NBS 2013 (vintage) and 2020 (revised); population NBS yearbook 2021
山西,2017,15386.06,43835,3510.0,interp_2013_2020,per-capita log-linear interpolation between NBS 2013 (vintage) and 2020 (revised); population NBS yearbook 2021
山西,2018,16261.33,46434,3502.0,interp_2013_2020,per-capita log-linear interpolation between NBS 2013 (vintage) and 2020 (revised); population NBS yearbook 2021
山西,2019,17201.06,49188,3497.0,interp_2013_2020,per-capita log-linear interpolation between NBS 2013 (vintage) and 2020 (revised); population NBS yearbook 2021
山西,2020,18202.7,52105,3493.5,nbs_revised_wiki,GDP and per-capita from NBS-revised series; population derived = GDP/pc
山西,2021,23087.8,66249,3485.0,nbs_revised_wiki,GDP and per-capita from NBS-revised series; population derived = GDP/pc
山西,2022,25653.2,73705,3480.5,nbs_revised_wiki,GDP and per-capita from NBS-revised series; population derived = GDP/pc
山西,2023,26050.8,74999,3473.5,nbs_revised_wiki,GDP and per-capita from NBS-revised series; population derived = GDP/pc
山西,2024,25353.5,73769,3436.9,nbs_revised_wiki,GDP and per-capita from NBS-revised series; population derived = GDP/pc
山西,2025,25495.68,74224,3435.0,nbs_revised_wiki,GDP and per-capita from NBS-revised series; population derived = GDP/pc
内蒙古,2000,1551.3,6554,2367.0,nbs_revised_wiki,GDP and per-capita from NBS-revised series; population derived = GDP/pc
内蒙古,2004,3041.07,12710,2392.7,nbs_yearbook_2009_derived,per-capita derived = GDP / year-end population (yearbook vintage)
内蒙古,2005,3905.03,16250,2403.1,nbs_yearbook_2010_derived,per-capita derived = GDP / year-end population (yearbook vintage)
内蒙古,2006,4944.25,20473,2415.1,nbs_yearbook_2011_derived,per-capita derived = GDP / year-end population (yearbook vintage)
内蒙古,2007,6423.18,26446,2428.8,nbs_yearbook_2012_derived,per-capita derived = GDP / year-end population (yearbook vintage)
内蒙古,2008,8496.2,34869,2444.3,nbs_yearbook_2013,per-capita as published (yearbook vintage)
内蒙古,2009,9740.25,39735,2458.2,nbs_yearbook_2014,per-capita as published (yearbook vintage)
内蒙古,2010,11672.0,47347,2472.2,nbs_yearbook_2014,per-capita as published (yearbook vintage)
内蒙古,2011,14359.88,57974,2470.0,nbs_yearbook_2014,per-capita as published (yearbook vintage)
内蒙古,2012,15880.58,63886,2464.0,nbs_yearbook_2014,per-capita as published (yearbook vintage)
内蒙古,2013,16832.38,67498,2455.0,nbs_yearbook_2014,per-capita as published (yearbook vintage)
内蒙古,2014,16721.45,68279,2449.0,interp_2013_2020,per-capita log-linear interpolation between NBS 2013 (vintage) and 2020 (revised); population NBS yearbook 2021
内蒙古,2015,16852.68,69068,2440.0,interp_2013_2020,per-capita log-linear interpolation between NBS 2013 (vintage) and 2020 (revised); population NBS yearbook 2021
内蒙古,2016,17019.65,69867,2436.0,interp_2013_2020,per-capita log-linear interpolation between NBS 2013 (vintage) and 2020 (revised); population NBS yearbook 2021
内蒙古,2017,17195.29,70675,2433.0,interp_2013_2020,per-capita log-linear interpolation between NBS 2013 (vintage) and 2020 (revised); population NBS yearbook 2021
内蒙古,2018,17315.53,71493,2422.0,interp_2013_2020,per-capita log-linear interpolation between NBS 2013 (vintage) and 2020 (revised); population NBS yearbook 2021
内蒙古,2019,17465.17,72320,2415.0,interp_2013_2020,per-capita log-linear interpolation between NBS 2013 (vintage) and 2020 (revised); population NBS yearbook 2021
内蒙古,2020,17623.4,73156,2409.0,nbs_revised_wiki,GDP and per-capita from NBS-revised series; population derived = GDP/pc
内蒙古,2021,21584.8,89880,2401.5,nbs_revised_wiki,GDP and per-capita from NBS-revised series; population derived = GDP/pc
内蒙古,2022,23795.7,99128,2400.5,nbs_revised_wiki,GDP and per-capita from NBS-revised series; population derived = GDP/pc
内蒙古,2023,25020.5,104317,2398.5,nbs_revised_wiki,GDP and per-capita from NBS-revised series; population derived = GDP/pc
内蒙古,2024,26337.0,110011,2394.0,nbs_revised_wiki,GDP and per-capita from NBS-revised series; population derived = GDP/pc
内蒙古,2025,26710.3,112181,2381.0,nbs_revised_wiki,GDP and per-capita from NBS-revised series; population derived = GDP/pc
辽宁,2000,4703.7,11259,4177.7,nbs_revised_wiki,GDP and per-capita from NBS-revised series; population derived = GDP/pc
辽宁,2004,6672.0,15822,4217.0,nbs_yearbook_2009_derived,per-capita derived = GDP / year-end population (yearbook vintage)
辽宁,2005,8047.26,19065,4221.0,nbs_yearbook_2010_derived,per-capita derived = GDP / year-end population (yearbook vintage)
辽宁,2006,9304.52,21785,4271.0,nbs_yearbook_2011_derived,per-capita derived = GDP / year-end population (yearbook vintage)
辽宁,2007,11164.3,25976,4298.0,nbs_yearbook_2012_derived,per-capita derived = GDP / year-end population (yearbook vintage)
辽宁,2008,13668.58,31739,4315.0,nbs_yearbook_2013,per-capita as published (yearbook vintage)
辽宁,2009,15212.49,35149,4341.0,nbs_yearbook_2014,per-capita as published (yearbook vintage)
辽宁,2010,18457.27,42355,4375.0,nbs_yearbook_2014,per-capita as published (yearbook vintage)
辽宁,2011,22226.7,50760,4379.0,nbs_yearbook_2014,per-capita as published (yearbook vintage)
辽宁,2012,24846.43,56649,4375.0,nbs_yearbook_2014,per-capita as published (yearbook vintage)
辽宁,2013,27077.65,61686,4365.0,nbs_yearbook_2014,per-capita as published (yearbook vintage)
辽宁,2014,26812.7,61525,4358.0,interp_2013_2020,per-capita log-linear interpolation between NBS 2013 (vintage) and 2020 (revised); population NBS yearbook 2021
辽宁,2015,26620.13,61365,4338.0,interp_2013_2020,per-capita log-linear interpolation between NBS 2013 (vintage) and 2020 (revised); population NBS yearbook 2021
辽宁,2016,26483.47,61205,4327.0,interp_2013_2020,per-capita log-linear interpolation between NBS 2013 (vintage) and 2020 (revised); population NBS yearbook 2021
辽宁,2017,26322.93,61046,4312.0,interp_2013_2020,per-capita log-linear interpolation between NBS 2013 (vintage) and 2020 (revised); population NBS yearbook 2021
辽宁,2018,26126.51,60887,4291.0,interp_2013_2020,per-capita log-linear interpolation between NBS 2013 (vintage) and 2020 (revised); population NBS yearbook 2021
辽宁,2019,25973.44,60728,4277.0,interp_2013_2020,per-capita log-linear interpolation between NBS 2013 (vintage) and 2020 (revised); population NBS yearbook 2021
辽宁,2020,25839.0,60570,4266.0,nbs_revised_wiki,GDP and per-capita from NBS-revised series; population derived = GDP/pc
辽宁,2021,28471.0,67117,4242.0,nbs_revised_wiki,GDP and per-capita from NBS-revised series; population derived = GDP/pc
辽宁,2022,29739.7,70590,4213.0,nbs_revised_wiki,GDP and per-capita from NBS-revised series; population derived = GDP/pc
辽宁,2023,31389.8,74925,4189.5,nbs_revised_wiki,GDP and per-capita from NBS-revised series; population derived = GDP/pc
辽宁,2024,32540.8,78236,4159.3,nbs_revised_wiki,GDP and per-capita from NBS-revised series; population derived = GDP/pc
辽宁,2025,33182.9,80094,4143.0,nbs_revised_wiki,GDP and per-capita from NBS-revised series; population derived = GDP/pc
吉林,2000,1769.2,6679,2648.9,nbs_revised_wiki,GDP and per-capita from NBS-revised series; population derived = GDP/pc
吉林,2004,3122.01,11525,2709.0,nbs_yearbook_2009_derived,per-capita derived = GDP / year-end population (yearbook vintage)
吉林,2005,3620.27,13329,2716.0,nbs_yearbook_2010_derived,per-capita derived = GDP / year-end population (yearbook vintage)
吉林,2006,4275.12,15700,2723.0,nbs_yearbook_2011_derived,per-capita derived = GDP / year-end population (yearbook vintage)
吉林,2007,5284.69,19359,2729.8,nbs_yearbook_2012_derived,per-capita derived = GDP / year-end population (yearbook vintage)
吉林,2008,6426.1,23521,2734.2,nbs_yearbook_2013,per-capita as published (yearbook vintage)
吉林,2009,7278.75,26595,2739.6,nbs_yearbook_2014,per-capita as published (yearbook vintage)
吉林,2010,8667.58,31599,2746.6,nbs_yearbook_2014,per-capita as published (yearbook vintage)
吉林,2011,10568.83,38460,2725.0,nbs_yearbook_2014,per-capita as published (yearbook vintage)
吉林,2012,11939.24,43415,2698.0,nbs_yearbook_2014,per-capita as published (yearbook vintage)
吉林,2013,12981.46,47191,2668.0,nbs_yearbook_2014,per-capita as published (yearbook vintage)
吉林,2014,12627.13,47794,2642.0,interp_2013_2020,per-capita log-linear interpolation between NBS 2013 (vintage) and 2020 (revised); population NBS yearbook 2021
吉林,2015,12648.06,48404,2613.0,interp_2013_2020,per-capita log-linear interpolation between NBS 2013 (vintage) and 2020 (revised); population NBS yearbook 2021
吉林,2016,12584.12,49023,2567.0,interp_2013_2020,per-capita log-linear interpolation between NBS 2013 (vintage) and 2020 (revised); population NBS yearbook 2021
吉林,2017,12541.32,49649,2526.0,interp_2013_2020,per-capita log-linear interpolation between NBS 2013 (vintage) and 2020 (revised); population NBS yearbook 2021
吉林,2018,12490.33,50283,2484.0,interp_2013_2020,per-capita log-linear interpolation between NBS 2013 (vintage) and 2020 (revised); population NBS yearbook 2021
吉林,2019,12466.55,50925,2448.0,interp_2013_2020,per-capita log-linear interpolation between NBS 2013 (vintage) and 2020 (revised); population NBS yearbook 2021
吉林,2020,12499.5,51576,2423.5,nbs_revised_wiki,GDP and per-capita from NBS-revised series; population derived = GDP/pc
吉林,2021,13431.1,56268,2387.0,nbs_revised_wiki,GDP and per-capita from NBS-revised series; population derived = GDP/pc
吉林,2022,13121.4,55564,2361.5,nbs_revised_wiki,GDP and per-capita from NBS-revised series; population derived = GDP/pc
吉林,2023,13942.7,59495,2343.5,nbs_revised_wiki,GDP and per-capita from NBS-revised series; population derived = GDP/pc
吉林,2024,14305.0,61689,2318.9,nbs_revised_wiki,GDP and per-capita from NBS-revised series; population derived = GDP/pc
吉林,2025,14973.88,64906,2307.0,nbs_revised_wiki,GDP and per-capita from NBS-revised series; population derived = GDP/pc
黑龙江,2000,2881.9,7585,3799.5,nbs_revised_wiki,GDP and per-capita from NBS-revised series; population derived = GDP/pc
黑龙江,2004,4750.6,12446,3817.0,nbs_yearbook_2009_derived,per-capita derived = GDP / year-end population (yearbook vintage)
黑龙江,2005,5513.7,14434,3819.9,nbs_yearbook_2010_derived,per-capita derived = GDP / year-end population (yearbook vintage)
黑龙江,2006,6211.8,16248,3823.0,nbs_yearbook_2011_derived,per-capita derived = GDP / year-end population (yearbook vintage)
黑龙江,2007,7104.0,18577,3824.0,nbs_yearbook_2012_derived,per-capita derived = GDP / year-end population (yearbook vintage)
黑龙江,2008,8314.37,21740,3825.0,nbs_yearbook_2013,per-capita as published (yearbook vintage)
黑龙江,2009,8587.0,22447,3826.0,nbs_yearbook_2014,per-capita as published (yearbook vintage)
黑龙江,2010,10368.6,27076,3833.3,nbs_yearbook_2014,per-capita as published (yearbook vintage)
黑龙江,2011,12582.0,32819,3782.0,nbs_yearbook_2014,per-capita as published (yearbook vintage)
黑龙江,2012,13691.58,35711,3724.0,nbs_yearbook_2014,per-capita as published (yearbook vintage)
黑龙江,2013,14382.93,37509,3666.0,nbs_yearbook_2014,per-capita as published (yearbook vintage)
黑龙江,2014,13826.18,38321,3608.0,interp_2013_2020,per-capita log-linear interpolation between NBS 2013 (vintage) and 2020 (revised); population NBS yearbook 2021
黑龙江,2015,13816.06,39150,3529.0,interp_2013_2020,per-capita log-linear interpolation between NBS 2013 (vintage) and 2020 (revised); population NBS yearbook 2021
黑龙江,2016,13851.03,39997,3463.0,interp_2013_2020,per-capita log-linear interpolation between NBS 2013 (vintage) and 2020 (revised); population NBS yearbook 2021
黑龙江,2017,13889.21,40863,3399.0,interp_2013_2020,per-capita log-linear interpolation between NBS 2013 (vintage) and 2020 (revised); population NBS yearbook 2021
黑龙江,2018,13889.17,41747,3327.0,interp_2013_2020,per-capita log-linear interpolation between NBS 2013 (vintage) and 2020 (revised); population NBS yearbook 2021
黑龙江,2019,13882.62,42650,3255.0,interp_2013_2020,per-capita log-linear interpolation between NBS 2013 (vintage) and 2020 (revised); population NBS yearbook 2021
黑龙江,2020,14000.1,43573,3213.0,nbs_revised_wiki,GDP and per-capita from NBS-revised series; population derived = GDP/pc
黑龙江,2021,15292.8,48579,3148.0,nbs_revised_wiki,GDP and per-capita from NBS-revised series; population derived = GDP/pc
黑龙江,2022,16359.2,52568,3112.0,nbs_revised_wiki,GDP and per-capita from NBS-revised series; population derived = GDP/pc
黑龙江,2023,16470.7,53468,3080.5,nbs_revised_wiki,GDP and per-capita from NBS-revised series; population derived = GDP/pc
黑龙江,2024,16478.1,54102,3045.7,nbs_revised_wiki,GDP and per-capita from NBS-revised series; population derived = GDP/pc
黑龙江,2025,16878.1,55980,3015.0,nbs_revised_wiki,GDP and per-capita from NBS-revised series; population derived = GDP/pc
上海,2000,4880.0,30730,1588.0,nbs_revised_wiki,GDP and per-capita from NBS-revised series; population derived = GDP/pc
上海,2004,8072.83,43994,1835.0,nbs_yearbook_2009_derived,per-capita derived = GDP / year-end population (yearbook vintage)
上海,2005,9247.66,48923,1890.3,nbs_yearbook_2010_derived,per-capita derived = GDP / year-end population (yearbook vintage)
上海,2006,10572.24,53827,1964.1,nbs_yearbook_2011_derived,per-capita derived = GDP / year-end population (yearbook vintage)
上海,2007,12494.01,60545,2063.6,nbs_yearbook_2012_derived,per-capita derived = GDP / year-end population (yearbook vintage)
上海,2008,14069.87,66932,2140.6,nbs_yearbook_2013,per-capita as published (yearbook vintage)
上海,2009,15046.45,69164,2210.3,nbs_yearbook_2014,per-capita as published (yearbook vintage)
上海,2010,17165.98,76074,2302.7,nbs_yearbook_2014,per-capita as published (yearbook vintage)
上海,2011,19195.69,82560,2356.0,nbs_yearbook_2014,per-capita as published (yearbook vintage)
上海,2012,20181.72,85373,2399.0,nbs_yearbook_2014,per-capita as published (yearbook vintage)
上海,2013,21602.12,90092,2448.0,nbs_yearbook_2014,per-capita as published (yearbook vintage)
上海,2014,24283.64,98434,2467.0,interp_2013_2020,per-capita log-linear interpolation between NBS 2013 (vintage) and 2020 (revised); population NBS yearbook 2021
上海,2015,26435.35,107548,2458.0,interp_2013_2020,per-capita log-linear interpolation between NBS 2013 (vintage) and 2020 (revised); population NBS yearbook 2021
上海,2016,28988.84,117506,2467.0,interp_2013_2020,per-capita log-linear interpolation between NBS 2013 (vintage) and 2020 (revised); population NBS yearbook 2021
上海,2017,31660.17,128387,2466.0,interp_2013_2020,per-capita log-linear interpolation between NBS 2013 (vintage) and 2020 (revised); population NBS yearbook 2021
上海,2018,34717.93,140274,2475.0,interp_2013_2020,per-capita log-linear interpolation between NBS 2013 (vintage) and 2020 (revised); population NBS yearbook 2021
上海,2019,38024.53,153263,2481.0,interp_2013_2020,per-capita log-linear interpolation between NBS 2013 (vintage) and 2020 (revised); population NBS yearbook 2021
上海,2020,41603.9,167454,2484.5,nbs_revised_wiki,GDP and per-capita from NBS-revised series; population derived = GDP/pc
上海,2021,47059.4,189107,2488.5,nbs_revised_wiki,GDP and per-capita from NBS-revised series; population derived = GDP/pc
上海,2022,48594.5,195788,2482.0,nbs_revised_wiki,GDP and per-capita from NBS-revised series; population derived = GDP/pc
上海,2023,51404.5,207193,2481.0,nbs_revised_wiki,GDP and per-capita from NBS-revised series; population derived = GDP/pc
上海,2024,53759.5,217140,2475.8,nbs_revised_wiki,GDP and per-capita from NBS-revised series; population derived = GDP/pc
上海,2025,56708.71,228403,2482.8,nbs_revised_wiki,GDP and per-capita from NBS-revised series; population derived = GDP/pc
江苏,2000,8635.1,11878,7269.8,nbs_revised_wiki,GDP and per-capita from NBS-revised series; population derived = GDP/pc
江苏,2004,15003.6,19944,7523.0,nbs_yearbook_2009_derived,per-capita derived = GDP / year-end population (yearbook vintage)
江苏,2005,18598.69,24510,7588.2,nbs_yearbook_2010_derived,per-capita derived = GDP / year-end population (yearbook vintage)
江苏,2006,21742.05,28400,7655.7,nbs_yearbook_2011_derived,per-capita derived = GDP / year-end population (yearbook vintage)
江苏,2007,26018.48,33689,7723.1,nbs_yearbook_2012_derived,per-capita derived = GDP / year-end population (yearbook vintage)
江苏,2008,30981.98,40014,7762.5,nbs_yearbook_2013,per-capita as published (yearbook vintage)
江苏,2009,34457.3,44253,7810.3,nbs_yearbook_2014,per-capita as published (yearbook vintage)
江苏,2010,41425.48,52840,7869.3,nbs_yearbook_2014,per-capita as published (yearbook vintage)
江苏,2011,49110.27,62290,8023.0,nbs_yearbook_2014,per-capita as published (yearbook vintage)
江苏,2012,54058.22,68347,8120.0,nbs_yearbook_2014,per-capita as published (yearbook vintage)
江苏,2013,59161.75,74607,8192.0,nbs_yearbook_2014,per-capita as published (yearbook vintage)
江苏,2014,66387.64,80169,8281.0,interp_2013_2020,per-capita log-linear interpolation between NBS 2013 (vintage) and 2020 (revised); population NBS yearbook 2021
江苏,2015,71629.45,86145,8315.0,interp_2013_2020,per-capita log-linear interpolation between NBS 2013 (vintage) and 2020 (revised); population NBS yearbook 2021
江苏,2016,77580.06,92567,8381.0,interp_2013_2020,per-capita log-linear interpolation between NBS 2013 (vintage) and 2020 (revised); population NBS yearbook 2021
江苏,2017,83781.08,99467,8423.0,interp_2013_2020,per-capita log-linear interpolation between NBS 2013 (vintage) and 2020 (revised); population NBS yearbook 2021
江苏,2018,90272.43,106882,8446.0,interp_2013_2020,per-capita log-linear interpolation between NBS 2013 (vintage) and 2020 (revised); population NBS yearbook 2021
江苏,2019,97266.01,114849,8469.0,interp_2013_2020,per-capita log-linear interpolation between NBS 2013 (vintage) and 2020 (revised); population NBS yearbook 2021
江苏,2020,104566.6,123411,8473.0,nbs_revised_wiki,GDP and per-capita from NBS-revised series; population derived = GDP/pc
江苏,2021,119853.2,141153,8491.0,nbs_revised_wiki,GDP and per-capita from NBS-revised series; population derived = GDP/pc
江苏,2022,124564.2,146374,8510.0,nbs_revised_wiki,GDP and per-capita from NBS-revised series; population derived = GDP/pc
江苏,2023,130924.3,153658,8520.5,nbs_revised_wiki,GDP and per-capita from NBS-revised series; population derived = GDP/pc
江苏,2024,136696.9,160694,8506.7,nbs_revised_wiki,GDP and per-capita from NBS-revised series; population derived = GDP/pc
江苏,2025,142351.5,167040,8522.0,nbs_revised_wiki,GDP and per-capita from NBS-revised series; population derived = GDP/pc
浙江,2000,6218.9,13585,4577.8,nbs_revised_wiki,GDP and per-capita from NBS-revised series; population derived = GDP/pc
浙江,2004,11648.7,23651,4925.2,nbs_yearbook_2009_derived,per-capita derived = GDP / year-end population (yearbook vintage)
浙江,2005,13417.68,26884,4990.9,nbs_yearbook_2010_derived,per-capita derived = GDP / year-end population (yearbook vintage)
浙江,2006,15718.47,30992,5071.8,nbs_yearbook_2011_derived,per-capita derived = GDP / year-end population (yearbook vintage)
浙江,2007,18753.73,36380,5154.9,nbs_yearbook_2012_derived,per-capita derived = GDP / year-end population (yearbook vintage)
浙江,2008,21462.69,41405,5212.4,nbs_yearbook_2013,per-capita as published (yearbook vintage)
浙江,2009,22990.35,43842,5275.5,nbs_yearbook_2014,per-capita as published (yearbook vintage)
浙江,2010,27722.31,51711,5446.5,nbs_yearbook_2014,per-capita as published (yearbook vintage)
浙江,2011,32318.85,59249,5570.0,nbs_yearbook_2014,per-capita as published (yearbook vintage)
浙江,2012,34665.33,63374,5685.0,nbs_yearbook_2014,per-capita as published (yearbook vintage)
浙江,2013,37568.49,68462,5784.0,nbs_yearbook_2014,per-capita as published (yearbook vintage)
浙江,2014,42840.86,72735,5890.0,interp_2013_2020,per-capita log-linear interpolation between NBS 2013 (vintage) and 2020 (revised); population NBS yearbook 2021
浙江,2015,46248.78,77274,5985.0,interp_2013_2020,per-capita log-linear interpolation between NBS 2013 (vintage) and 2020 (revised); population NBS yearbook 2021
浙江,2016,49849.55,82097,6072.0,interp_2013_2020,per-capita log-linear interpolation between NBS 2013 (vintage) and 2020 (revised); population NBS yearbook 2021
浙江,2017,53815.57,87221,6170.0,interp_2013_2020,per-capita log-linear interpolation between NBS 2013 (vintage) and 2020 (revised); population NBS yearbook 2021
浙江,2018,58128.8,92665,6273.0,interp_2013_2020,per-capita log-linear interpolation between NBS 2013 (vintage) and 2020 (revised); population NBS yearbook 2021
浙江,2019,62760.95,98449,6375.0,interp_2013_2020,per-capita log-linear interpolation between NBS 2013 (vintage) and 2020 (revised); population NBS yearbook 2021
浙江,2020,67164.5,104593,6421.5,nbs_revised_wiki,GDP and per-capita from NBS-revised series; population derived = GDP/pc
浙江,2021,76765.3,118028,6504.0,nbs_revised_wiki,GDP and per-capita from NBS-revised series; population derived = GDP/pc
浙江,2022,80770.0,123153,6558.5,nbs_revised_wiki,GDP and per-capita from NBS-revised series; population derived = GDP/pc
浙江,2023,85619.6,129687,6602.0,nbs_revised_wiki,GDP and per-capita from NBS-revised series; population derived = GDP/pc
浙江,2024,90007.0,135565,6639.4,nbs_revised_wiki,GDP and per-capita from NBS-revised series; population derived = GDP/pc
浙江,2025,94545.0,141418,6685.5,nbs_revised_wiki,GDP and per-capita from NBS-revised series; population derived = GDP/pc
安徽,2000,3162.3,5284,5984.7,nbs_revised_wiki,GDP and per-capita from NBS-revised series; population derived = GDP/pc
安徽,2004,4759.32,7642,6228.0,nbs_yearbook_2009_derived,per-capita derived = GDP / year-end population (yearbook vintage)
安徽,2005,5350.17,8742,6120.1,nbs_yearbook_2010_derived,per-capita derived = GDP / year-end population (yearbook vintage)
安徽,2006,6112.5,10004,6110.0,nbs_yearbook_2011_derived,per-capita derived = GDP / year-end population (yearbook vintage)
安徽,2007,7360.92,12032,6118.0,nbs_yearbook_2012_derived,per-capita derived = GDP / year-end population (yearbook vintage)
安徽,2008,8851.66,14448,6135.0,nbs_yearbook_2013,per-capita as published (yearbook vintage)
安徽,2009,10062.82,16408,6131.0,nbs_yearbook_2014,per-capita as published (yearbook vintage)
安徽,2010,12359.33,20888,5956.7,nbs_yearbook_2014,per-capita as published (yearbook vintage)
安徽,2011,15300.65,25659,5972.0,nbs_yearbook_2014,per-capita as published (yearbook vintage)
安徽,2012,17212.05,28792,5978.0,nbs_yearbook_2014,per-capita as published (yearbook vintage)
安徽,2013,19038.87,31684,5988.0,nbs_yearbook_2014,per-capita as published (yearbook vintage)
安徽,2014,20977.41,34980,5997.0,interp_2013_2020,per-capita log-linear interpolation between NBS 2013 (vintage) and 2020 (revised); population NBS yearbook 2021
安徽,2015,23213.6,38619,6011.0,interp_2013_2020,per-capita log-linear interpolation between NBS 2013 (vintage) and 2020 (revised); population NBS yearbook 2021
安徽,2016,25722.13,42636,6033.0,interp_2013_2020,per-capita log-linear interpolation between NBS 2013 (vintage) and 2020 (revised); population NBS yearbook 2021
安徽,2017,28510.77,47071,6057.0,interp_2013_2020,per-capita log-linear interpolation between NBS 2013 (vintage) and 2020 (revised); population NBS yearbook 2021
安徽,2018,31575.26,51967,6076.0,interp_2013_2020,per-capita log-linear interpolation between NBS 2013 (vintage) and 2020 (revised); population NBS yearbook 2021
安徽,2019,34951.59,57373,6092.0,interp_2013_2020,per-capita log-linear interpolation between NBS 2013 (vintage) and 2020 (revised); population NBS yearbook 2021
安徽,2020,38628.8,63341,6098.5,nbs_revised_wiki,GDP and per-capita from NBS-revised series; population derived = GDP/pc
安徽,2021,43102.8,70556,6109.0,nbs_revised_wiki,GDP and per-capita from NBS-revised series; population derived = GDP/pc
安徽,2022,45525.1,74387,6120.0,nbs_revised_wiki,GDP and per-capita from NBS-revised series; population derived = GDP/pc
安徽,2023,48227.5,78752,6124.0,nbs_revised_wiki,GDP and per-capita from NBS-revised series; population derived = GDP/pc
安徽,2024,50646.7,82694,6124.6,nbs_revised_wiki,GDP and per-capita from NBS-revised series; population derived = GDP/pc
安徽,2025,52989.0,86832,6102.5,nbs_revised_wiki,GDP and per-capita from NBS-revised series; population derived = GDP/pc
福建,2000,3804.6,11313,3363.0,nbs_revised_wiki,GDP and per-capita from NBS-revised series; population derived = GDP/pc
福建,2004,5763.35,16331,3529.1,nbs_yearbook_2009_derived,per-capita derived = GDP / year-end population (yearbook vintage)
福建,2005,6554.69,18428,3557.0,nbs_yearbook_2010_derived,per-capita derived = GDP / year-end population (yearbook vintage)
福建,2006,7583.85,21154,3585.0,nbs_yearbook_2011_derived,per-capita derived = GDP / year-end population (yearbook vintage)
福建,2007,9248.53,25605,3612.0,nbs_yearbook_2012_derived,per-capita derived = GDP / year-end population (yearbook vintage)
福建,2008,10823.01,29755,3639.0,nbs_yearbook_2013,per-capita as published (yearbook vintage)
福建,2009,12236.53,33437,3666.0,nbs_yearbook_2014,per-capita as published (yearbook vintage)
福建,2010,14737.12,40025,3693.0,nbs_yearbook_2014,per-capita as published (yearbook vintage)
福建,2011,17560.18,47377,3784.0,nbs_yearbook_2014,per-capita as published (yearbook vintage)
福建,2012,19701.78,52763,3841.0,nbs_yearbook_2014,per-capita as published (yearbook vintage)
福建,2013,21759.64,57856,3885.0,nbs_yearbook_2014,per-capita as published (yearbook vintage)
福建,2014,24862.21,63022,3945.0,interp_2013_2020,per-capita log-linear interpolation between NBS 2013 (vintage) and 2020 (revised); population NBS yearbook 2021
福建,2015,27349.93,68649,3984.0,interp_2013_2020,per-capita log-linear interpolation between NBS 2013 (vintage) and 2020 (revised); population NBS yearbook 2021
福建,2016,30031.35,74779,4016.0,interp_2013_2020,per-capita log-linear interpolation between NBS 2013 (vintage) and 2020 (revised); population NBS yearbook 2021
福建,2017,33112.05,81456,4065.0,interp_2013_2020,per-capita log-linear interpolation between NBS 2013 (vintage) and 2020 (revised); population NBS yearbook 2021
福建,2018,36414.73,88730,4104.0,interp_2013_2020,per-capita log-linear interpolation between NBS 2013 (vintage) and 2020 (revised); population NBS yearbook 2021
福建,2019,39985.22,96653,4137.0,interp_2013_2020,per-capita log-linear interpolation between NBS 2013 (vintage) and 2020 (revised); population NBS yearbook 2021
福建,2020,43682.0,105283,4149.0,nbs_revised_wiki,GDP and per-capita from NBS-revised series; population derived = GDP/pc
福建,2021,49602.6,118837,4174.0,nbs_revised_wiki,GDP and per-capita from NBS-revised series; population derived = GDP/pc
福建,2022,52099.6,124417,4187.5,nbs_revised_wiki,GDP and per-capita from NBS-revised series; population derived = GDP/pc
福建,2023,54801.7,130932,4185.5,nbs_revised_wiki,GDP and per-capita from NBS-revised series; population derived = GDP/pc
福建,2024,57476.6,137920,4167.4,nbs_revised_wiki,GDP and per-capita from NBS-revised series; population derived = GDP/pc
福建,2025,60199.45,143623,4191.5,nbs_revised_wiki,GDP and per-capita from NBS-revised series; population derived = GDP/pc
江西,2000,2027.8,4840,4189.7,nbs_revised_wiki,GDP and per-capita from NBS-revised series; population derived = GDP/pc
江西,2004,3456.7,8069,4284.0,nbs_yearbook_2009_derived,per-capita derived = GDP / year-end population (yearbook vintage)
江西,2005,4056.76,9410,4311.2,nbs_yearbook_2010_derived,per-capita derived = GDP / year-end population (yearbook vintage)
江西,2006,4820.53,11109,4339.1,nbs_yearbook_2011_derived,per-capita derived = GDP / year-end population (yearbook vintage)
江西,2007,5800.25,13278,4368.4,nbs_yearbook_2012_derived,per-capita derived = GDP / year-end population (yearbook vintage)
江西,2008,6971.05,15900,4400.1,nbs_yearbook_2013,per-capita as published (yearbook vintage)
江西,2009,7655.18,17335,4432.2,nbs_yearbook_2014,per-capita as published (yearbook vintage)
江西,2010,9451.26,21253,4462.2,nbs_yearbook_2014,per-capita as published (yearbook vintage)
江西,2011,11702.82,26150,4474.0,nbs_yearbook_2014,per-capita as published (yearbook vintage)
江西,2012,12948.88,28800,4475.0,nbs_yearbook_2014,per-capita as published (yearbook vintage)
江西,2013,14338.5,31771,4476.0,nbs_yearbook_2014,per-capita as published (yearbook vintage)
江西,2014,15479.39,34552,4480.0,interp_2013_2020,per-capita log-linear interpolation between NBS 2013 (vintage) and 2020 (revised); population NBS yearbook 2021
江西,2015,16853.23,37577,4485.0,interp_2013_2020,per-capita log-linear interpolation between NBS 2013 (vintage) and 2020 (revised); population NBS yearbook 2021
江西,2016,18373.5,40866,4496.0,interp_2013_2020,per-capita log-linear interpolation between NBS 2013 (vintage) and 2020 (revised); population NBS yearbook 2021
江西,2017,20048.57,44444,4511.0,interp_2013_2020,per-capita log-linear interpolation between NBS 2013 (vintage) and 2020 (revised); population NBS yearbook 2021
江西,2018,21813.27,48334,4513.0,interp_2013_2020,per-capita log-linear interpolation between NBS 2013 (vintage) and 2020 (revised); population NBS yearbook 2021
江西,2019,23738.56,52565,4516.0,interp_2013_2020,per-capita log-linear interpolation between NBS 2013 (vintage) and 2020 (revised); population NBS yearbook 2021
江西,2020,25825.4,57167,4517.5,nbs_revised_wiki,GDP and per-capita from NBS-revised series; population derived = GDP/pc
江西,2021,29838.2,66043,4518.0,nbs_revised_wiki,GDP and per-capita from NBS-revised series; population derived = GDP/pc
江西,2022,31568.1,69802,4522.5,nbs_revised_wiki,GDP and per-capita from NBS-revised series; population derived = GDP/pc
江西,2023,32677.1,72271,4521.5,nbs_revised_wiki,GDP and per-capita from NBS-revised series; population derived = GDP/pc
江西,2024,34227.9,75862,4511.9,nbs_revised_wiki,GDP and per-capita from NBS-revised series; population derived = GDP/pc
江西,2025,36020.0,80258,4488.0,nbs_revised_wiki,GDP and per-capita from NBS-revised series; population derived = GDP/pc
山东,2000,8348.5,9338,8940.4,nbs_revised_wiki,GDP and per-capita from NBS-revised series; population derived = GDP/pc
山东,2004,15021.84,16364,9180.0,nbs_yearbook_2009_derived,per-capita derived = GDP / year-end population (yearbook vintage)
山东,2005,18366.87,19860,9248.2,nbs_yearbook_2010_derived,per-capita derived = GDP / year-end population (yearbook vintage)
山东,2006,21900.19,23526,9308.9,nbs_yearbook_2011_derived,per-capita derived = GDP / year-end population (yearbook vintage)
山东,2007,25776.91,27519,9367.0,nbs_yearbook_2012_derived,per-capita derived = GDP / year-end population (yearbook vintage)
山东,2008,30933.28,32936,9417.2,nbs_yearbook_2013,per-capita as published (yearbook vintage)
山东,2009,33896.65,35894,9470.3,nbs_yearbook_2014,per-capita as published (yearbook vintage)
山东,2010,39169.92,41106,9587.9,nbs_yearbook_2014,per-capita as published (yearbook vintage)
山东,2011,45361.85,47335,9665.0,nbs_yearbook_2014,per-capita as published (yearbook vintage)
山东,2012,50013.24,51768,9708.0,nbs_yearbook_2014,per-capita as published (yearbook vintage)
山东,2013,54684.33,56323,9746.0,nbs_yearbook_2014,per-capita as published (yearbook vintage)
山东,2014,57366.9,58490,9808.0,interp_2013_2020,per-capita log-linear interpolation between NBS 2013 (vintage) and 2020 (revised); population NBS yearbook 2021
山东,2015,59926.71,60741,9866.0,interp_2013_2020,per-capita log-linear interpolation between NBS 2013 (vintage) and 2020 (revised); population NBS yearbook 2021
山东,2016,62907.66,63078,9973.0,interp_2013_2020,per-capita log-linear interpolation between NBS 2013 (vintage) and 2020 (revised); population NBS yearbook 2021
山东,2017,65721.41,65505,10033.0,interp_2013_2020,per-capita log-linear interpolation between NBS 2013 (vintage) and 2020 (revised); population NBS yearbook 2021
山东,2018,68549.72,68026,10077.0,interp_2013_2020,per-capita log-linear interpolation between NBS 2013 (vintage) and 2020 (revised); population NBS yearbook 2021
山东,2019,71392.42,70644,10106.0,interp_2013_2020,per-capita log-linear interpolation between NBS 2013 (vintage) and 2020 (revised); population NBS yearbook 2021
山东,2020,74355.9,73362,10135.5,nbs_revised_wiki,GDP and per-capita from NBS-revised series; population derived = GDP/pc
山东,2021,84838.0,83440,10167.5,nbs_revised_wiki,GDP and per-capita from NBS-revised series; population derived = GDP/pc
山东,2022,89519.4,88053,10166.5,nbs_revised_wiki,GDP and per-capita from NBS-revised series; population derived = GDP/pc
山东,2023,94206.4,92878,10143.0,nbs_revised_wiki,GDP and per-capita from NBS-revised series; population derived = GDP/pc
山东,2024,98406.9,97575,10085.3,nbs_revised_wiki,GDP and per-capita from NBS-revised series; population derived = GDP/pc
山东,2025,103197.5,102566,10061.6,nbs_revised_wiki,GDP and per-capita from NBS-revised series; population derived = GDP/pc
河南,2000,5097.3,5401,9437.7,nbs_revised_wiki,GDP and per-capita from NBS-revised series; population derived = GDP/pc
河南,2004,8553.79,8803,9717.0,nbs_yearbook_2009_derived,per-capita derived = GDP / year-end population (yearbook vintage)
河南,2005,10587.42,11287,9380.0,nbs_yearbook_2010_derived,per-capita derived = GDP / year-end population (yearbook vintage)
河南,2006,12362.79,13163,9392.0,nbs_yearbook_2011_derived,per-capita derived = GDP / year-end population (yearbook vintage)
河南,2007,15012.46,16039,9360.0,nbs_yearbook_2012_derived,per-capita derived = GDP / year-end population (yearbook vintage)
河南,2008,18018.53,19181,9429.0,nbs_yearbook_2013,per-capita as published (yearbook vintage)
河南,2009,19480.46,20597,9487.0,nbs_yearbook_2014,per-capita as published (yearbook vintage)
河南,2010,23092.36,24446,9405.5,nbs_yearbook_2014,per-capita as published (yearbook vintage)
河南,2011,26931.03,28661,9461.0,nbs_yearbook_2014,per-capita as published (yearbook vintage)
河南,2012,29599.31,31499,9532.0,nbs_yearbook_2014,per-capita as published (yearbook vintage)
河南,2013,32155.86,34174,9573.0,nbs_yearbook_2014,per-capita as published (yearbook vintage)
河南,2014,35241.95,36539,9645.0,interp_2013_2020,per-capita log-linear interpolation between NBS 2013 (vintage) and 2020 (revised); population NBS yearbook 2021
河南,2015,37899.73,39068,9701.0,interp_2013_2020,per-capita log-linear interpolation between NBS 2013 (vintage) and 2020 (revised); population NBS yearbook 2021
河南,2016,40844.3,41772,9778.0,interp_2013_2020,per-capita log-linear interpolation between NBS 2013 (vintage) and 2020 (revised); population NBS yearbook 2021
河南,2017,43898.8,44663,9829.0,interp_2013_2020,per-capita log-linear interpolation between NBS 2013 (vintage) and 2020 (revised); population NBS yearbook 2021
河南,2018,47104.06,47754,9864.0,interp_2013_2020,per-capita log-linear interpolation between NBS 2013 (vintage) and 2020 (revised); population NBS yearbook 2021
河南,2019,50552.91,51058,9901.0,interp_2013_2020,per-capita log-linear interpolation between NBS 2013 (vintage) and 2020 (revised); population NBS yearbook 2021
河南,2020,54160.6,54592,9921.0,nbs_revised_wiki,GDP and per-capita from NBS-revised series; population derived = GDP/pc
河南,2021,57806.9,58320,9912.0,nbs_revised_wiki,GDP and per-capita from NBS-revised series; population derived = GDP/pc
河南,2022,58807.4,59537,9877.5,nbs_revised_wiki,GDP and per-capita from NBS-revised series; population derived = GDP/pc
河南,2023,60627.7,61592,9843.4,nbs_revised_wiki,GDP and per-capita from NBS-revised series; population derived = GDP/pc
河南,2024,63557.1,64888,9794.9,nbs_revised_wiki,GDP and per-capita from NBS-revised series; population derived = GDP/pc
河南,2025,66632.79,68201,9770.1,nbs_revised_wiki,GDP and per-capita from NBS-revised series; population derived = GDP/pc
湖北,2000,3577.4,6176,5792.4,nbs_revised_wiki,GDP and per-capita from NBS-revised series; population derived = GDP/pc
湖北,2004,5633.24,9886,5698.0,nbs_yearbook_2009_derived,per-capita derived = GDP / year-end population (yearbook vintage)
湖北,2005,6590.19,11541,5710.0,nbs_yearbook_2010_derived,per-capita derived = GDP / year-end population (yearbook vintage)
湖北,2006,7617.47,13380,5693.0,nbs_yearbook_2011_derived,per-capita derived = GDP / year-end population (yearbook vintage)
湖北,2007,9333.4,16377,5699.0,nbs_yearbook_2012_derived,per-capita derived = GDP / year-end population (yearbook vintage)
湖北,2008,11328.92,19858,5711.0,nbs_yearbook_2013,per-capita as published (yearbook vintage)
湖北,2009,12961.1,22677,5720.0,nbs_yearbook_2014,per-capita as published (yearbook vintage)
湖北,2010,15967.61,27906,5727.9,nbs_yearbook_2014,per-capita as published (yearbook vintage)
湖北,2011,19632.26,34197,5760.0,nbs_yearbook_2014,per-capita as published (yearbook vintage)
湖北,2012,22250.45,38572,5781.0,nbs_yearbook_2014,per-capita as published (yearbook vintage)
湖北,2013,24668.49,42613,5798.0,nbs_yearbook_2014,per-capita as published (yearbook vintage)
湖北,2014,26801.71,46083,5816.0,interp_2013_2020,per-capita log-linear interpolation between NBS 2013 (vintage) and 2020 (revised); population NBS yearbook 2021
湖北,2015,29153.65,49835,5850.0,interp_2013_2020,per-capita log-linear interpolation between NBS 2013 (vintage) and 2020 (revised); population NBS yearbook 2021
湖北,2016,31716.31,53893,5885.0,interp_2013_2020,per-capita log-linear interpolation between NBS 2013 (vintage) and 2020 (revised); population NBS yearbook 2021
湖北,2017,34409.75,58282,5904.0,interp_2013_2020,per-capita log-linear interpolation between NBS 2013 (vintage) and 2020 (revised); population NBS yearbook 2021
湖北,2018,37293.73,63028,5917.0,interp_2013_2020,per-capita log-linear interpolation between NBS 2013 (vintage) and 2020 (revised); population NBS yearbook 2021
湖北,2019,40398.77,68161,5927.0,interp_2013_2020,per-capita log-linear interpolation between NBS 2013 (vintage) and 2020 (revised); population NBS yearbook 2021
湖北,2020,43017.6,73711,5836.0,nbs_revised_wiki,GDP and per-capita from NBS-revised series; population derived = GDP/pc
湖北,2021,50093.3,86554,5787.5,nbs_revised_wiki,GDP and per-capita from NBS-revised series; population derived = GDP/pc
湖北,2022,53445.4,91563,5837.0,nbs_revised_wiki,GDP and per-capita from NBS-revised series; population derived = GDP/pc
湖北,2023,56794.3,97234,5841.0,nbs_revised_wiki,GDP and per-capita from NBS-revised series; population derived = GDP/pc
湖北,2024,59644.3,102832,5800.2,nbs_revised_wiki,GDP and per-capita from NBS-revised series; population derived = GDP/pc
湖北,2025,62660.9,107619,5822.5,nbs_revised_wiki,GDP and per-capita from NBS-revised series; population derived = GDP/pc
湖南,2000,3591.0,5485,6546.9,nbs_revised_wiki,GDP and per-capita from NBS-revised series; population derived = GDP/pc
湖南,2004,5641.94,8423,6698.0,nbs_yearbook_2009_derived,per-capita derived = GDP / year-end population (yearbook vintage)
湖南,2005,6596.1,10427,6326.0,nbs_yearbook_2010_derived,per-capita derived = GDP / year-end population (yearbook vintage)
湖南,2006,7688.67,12123,6342.0,nbs_yearbook_2011_derived,per-capita derived = GDP / year-end population (yearbook vintage)
湖南,2007,9439.6,14854,6355.0,nbs_yearbook_2012_derived,per-capita derived = GDP / year-end population (yearbook vintage)
湖南,2008,11555.0,18147,6380.0,nbs_yearbook_2013,per-capita as published (yearbook vintage)
湖南,2009,13059.69,20428,6406.0,nbs_yearbook_2014,per-capita as published (yearbook vintage)
湖南,2010,16037.96,24719,6570.1,nbs_yearbook_2014,per-capita as published (yearbook vintage)
湖南,2011,19669.56,29880,6581.0,nbs_yearbook_2014,per-capita as published (yearbook vintage)
湖南,2012,22154.23,33480,6590.0,nbs_yearbook_2014,per-capita as published (yearbook vintage)
湖南,2013,24501.67,36763,6600.0,nbs_yearbook_2014,per-capita as published (yearbook vintage)
湖南,2014,26234.19,39683,6611.0,interp_2013_2020,per-capita log-linear interpolation between NBS 2013 (vintage) and 2020 (revised); population NBS yearbook 2021
湖南,2015,28334.79,42834,6615.0,interp_2013_2020,per-capita log-linear interpolation between NBS 2013 (vintage) and 2020 (revised); population NBS yearbook 2021
湖南,2016,30631.32,46236,6625.0,interp_2013_2020,per-capita log-linear interpolation between NBS 2013 (vintage) and 2020 (revised); population NBS yearbook 2021
湖南,2017,33103.92,49908,6633.0,interp_2013_2020,per-capita log-linear interpolation between NBS 2013 (vintage) and 2020 (revised); population NBS yearbook 2021
湖南,2018,35743.74,53871,6635.0,interp_2013_2020,per-capita log-linear interpolation between NBS 2013 (vintage) and 2020 (revised); population NBS yearbook 2021
湖南,2019,38611.51,58150,6640.0,interp_2013_2020,per-capita log-linear interpolation between NBS 2013 (vintage) and 2020 (revised); population NBS yearbook 2021
湖南,2020,41693.7,62768,6642.5,nbs_revised_wiki,GDP and per-capita from NBS-revised series; population derived = GDP/pc
湖南,2021,45751.9,68971,6633.5,nbs_revised_wiki,GDP and per-capita from NBS-revised series; population derived = GDP/pc
湖南,2022,47957.9,72521,6613.0,nbs_revised_wiki,GDP and per-capita from NBS-revised series; population derived = GDP/pc
湖南,2023,50667.5,76932,6586.0,nbs_revised_wiki,GDP and per-capita from NBS-revised series; population derived = GDP/pc
湖南,2024,53084.7,81225,6535.5,nbs_revised_wiki,GDP and per-capita from NBS-revised series; population derived = GDP/pc
湖南,2025,55308.65,84888,6515.5,nbs_revised_wiki,GDP and per-capita from NBS-revised series; population derived = GDP/pc
广东,2000,10958.4,12993,8434.1,nbs_revised_wiki,GDP and per-capita from NBS-revised series; population derived = GDP/pc
广东,2004,18864.62,20706,9110.7,nbs_yearbook_2009_derived,per-capita derived = GDP / year-end population (yearbook vintage)
广东,2005,22557.37,24535,9194.0,nbs_yearbook_2010_derived,per-capita derived = GDP / year-end population (yearbook vintage)
广东,2006,26587.76,28159,9442.1,nbs_yearbook_2011_derived,per-capita derived = GDP / year-end population (yearbook vintage)
广东,2007,31777.01,32897,9659.5,nbs_yearbook_2012_derived,per-capita derived = GDP / year-end population (yearbook vintage)
广东,2008,36796.71,37638,9893.5,nbs_yearbook_2013,per-capita as published (yearbook vintage)
广东,2009,39482.56,39436,10130.2,nbs_yearbook_2014,per-capita as published (yearbook vintage)
广东,2010,46013.06,44736,10440.9,nbs_yearbook_2014,per-capita as published (yearbook vintage)
广东,2011,53210.28,50807,10756.0,nbs_yearbook_2014,per-capita as published (yearbook vintage)
广东,2012,57067.92,54095,11041.0,nbs_yearbook_2014,per-capita as published (yearbook vintage)
广东,2013,62163.97,58540,11270.0,nbs_yearbook_2014,per-capita as published (yearbook vintage)
广东,2014,71581.81,62305,11489.0,interp_2013_2020,per-capita log-linear interpolation between NBS 2013 (vintage) and 2020 (revised); population NBS yearbook 2021
广东,2015,77438.45,66311,11678.0,interp_2013_2020,per-capita log-linear interpolation between NBS 2013 (vintage) and 2020 (revised); population NBS yearbook 2021
广东,2016,84041.68,70576,11908.0,interp_2013_2020,per-capita log-linear interpolation between NBS 2013 (vintage) and 2020 (revised); population NBS yearbook 2021
广东,2017,91196.48,75114,12141.0,interp_2013_2020,per-capita log-linear interpolation between NBS 2013 (vintage) and 2020 (revised); population NBS yearbook 2021
广东,2018,98716.1,79945,12348.0,interp_2013_2020,per-capita log-linear interpolation between NBS 2013 (vintage) and 2020 (revised); population NBS yearbook 2021
广东,2019,106264.15,85086,12489.0,interp_2013_2020,per-capita log-linear interpolation between NBS 2013 (vintage) and 2020 (revised); population NBS yearbook 2021
广东,2020,113708.9,90558,12556.5,nbs_revised_wiki,GDP and per-capita from NBS-revised series; population derived = GDP/pc
广东,2021,127577.4,100820,12654.0,nbs_revised_wiki,GDP and per-capita from NBS-revised series; population derived = GDP/pc
广东,2022,132547.1,104611,12670.5,nbs_revised_wiki,GDP and per-capita from NBS-revised series; population derived = GDP/pc
广东,2023,137905.4,108745,12681.5,nbs_revised_wiki,GDP and per-capita from NBS-revised series; population derived = GDP/pc
广东,2024,141488.9,111146,12730.0,nbs_revised_wiki,GDP and per-capita from NBS-revised series; population derived = GDP/pc
广东,2025,145846.76,113769,12819.6,nbs_revised_wiki,GDP and per-capita from NBS-revised series; population derived = GDP/pc
广西,2000,2096.7,4431,4731.9,nbs_revised_wiki,GDP and per-capita from NBS-revised series; population derived = GDP/pc
广西,2004,3433.5,7023,4889.0,nbs_yearbook_2009_derived,per-capita derived = GDP / year-end population (yearbook vintage)
广西,2005,3984.1,8550,4660.0,nbs_yearbook_2010_derived,per-capita derived = GDP / year-end population (yearbook vintage)
广西,2006,4746.16,10058,4719.0,nbs_yearbook_2011_derived,per-capita derived = GDP / year-end population (yearbook vintage)
广西,2007,5823.41,12214,4768.0,nbs_yearbook_2012_derived,per-capita derived = GDP / year-end population (yearbook vintage)
广西,2008,7021.0,14652,4816.0,nbs_yearbook_2013,per-capita as published (yearbook vintage)
广西,2009,7759.16,16045,4856.0,nbs_yearbook_2014,per-capita as published (yearbook vintage)
广西,2010,9569.85,20219,4610.0,nbs_yearbook_2014,per-capita as published (yearbook vintage)
广西,2011,11720.87,25326,4655.0,nbs_yearbook_2014,per-capita as published (yearbook vintage)
广西,2012,13035.1,27952,4694.0,nbs_yearbook_2014,per-capita as published (yearbook vintage)
广西,2013,14378.0,30588,4731.0,nbs_yearbook_2014,per-capita as published (yearbook vintage)
广西,2014,15393.02,32270,4770.0,interp_2013_2020,per-capita log-linear interpolation between NBS 2013 (vintage) and 2020 (revised); population NBS yearbook 2021
广西,2015,16379.28,34045,4811.0,interp_2013_2020,per-capita log-linear interpolation between NBS 2013 (vintage) and 2020 (revised); population NBS yearbook 2021
广西,2016,17445.44,35918,4857.0,interp_2013_2020,per-capita log-linear interpolation between NBS 2013 (vintage) and 2020 (revised); population NBS yearbook 2021
广西,2017,18594.48,37894,4907.0,interp_2013_2020,per-capita log-linear interpolation between NBS 2013 (vintage) and 2020 (revised); population NBS yearbook 2021
广西,2018,19777.17,39978,4947.0,interp_2013_2020,per-capita log-linear interpolation between NBS 2013 (vintage) and 2020 (revised); population NBS yearbook 2021
广西,2019,21012.62,42177,4982.0,interp_2013_2020,per-capita log-linear interpolation between NBS 2013 (vintage) and 2020 (revised); population NBS yearbook 2021
广西,2020,22250.7,44497,5000.5,nbs_revised_wiki,GDP and per-capita from NBS-revised series; population derived = GDP/pc
广西,2021,25311.5,50341,5028.0,nbs_revised_wiki,GDP and per-capita from NBS-revised series; population derived = GDP/pc
广西,2022,26419.7,52399,5042.0,nbs_revised_wiki,GDP and per-capita from NBS-revised series; population derived = GDP/pc
广西,2023,27501.7,54599,5037.0,nbs_revised_wiki,GDP and per-capita from NBS-revised series; population derived = GDP/pc
广西,2024,28694.1,57071,5027.8,nbs_revised_wiki,GDP and per-capita from NBS-revised series; population derived = GDP/pc
广西,2025,29727.45,59384,5006.0,nbs_revised_wiki,GDP and per-capita from NBS-revised series; population derived = GDP/pc
海南,2000,532.0,6864,775.1,nbs_revised_wiki,GDP and per-capita from NBS-revised series; population derived = GDP/pc
海南,2004,798.9,9767,818.0,nbs_yearbook_2009_derived,per-capita derived = GDP / year-end population (yearbook vintage)
海南,2005,897.99,10845,828.0,nbs_yearbook_2010_derived,per-capita derived = GDP / year-end population (yearbook vintage)
海南,2006,1044.91,12501,835.9,nbs_yearbook_2011_derived,per-capita derived = GDP / year-end population (yearbook vintage)
海南,2007,1254.17,14842,845.0,nbs_yearbook_2012_derived,per-capita derived = GDP / year-end population (yearbook vintage)
海南,2008,1503.06,17691,854.2,nbs_yearbook_2013,per-capita as published (yearbook vintage)
海南,2009,1654.21,19254,864.1,nbs_yearbook_2014,per-capita as published (yearbook vintage)
海南,2010,2064.5,23831,868.5,nbs_yearbook_2014,per-capita as published (yearbook vintage)
海南,2011,2522.66,28898,890.0,nbs_yearbook_2014,per-capita as published (yearbook vintage)
海南,2012,2855.54,32377,910.0,nbs_yearbook_2014,per-capita as published (yearbook vintage)
海南,2013,3146.46,35317,920.0,nbs_yearbook_2014,per-capita as published (yearbook vintage)
海南,2014,3532.59,37741,936.0,interp_2013_2020,per-capita log-linear interpolation between NBS 2013 (vintage) and 2020 (revised); population NBS yearbook 2021
海南,2015,3811.39,40332,945.0,interp_2013_2020,per-capita log-linear interpolation between NBS 2013 (vintage) and 2020 (revised); population NBS yearbook 2021
海南,2016,4124.75,43101,957.0,interp_2013_2020,per-capita log-linear interpolation between NBS 2013 (vintage) and 2020 (revised); population NBS yearbook 2021
海南,2017,4476.99,46060,972.0,interp_2013_2020,per-capita log-linear interpolation between NBS 2013 (vintage) and 2020 (revised); population NBS yearbook 2021
海南,2018,4833.54,49221,982.0,interp_2013_2020,per-capita log-linear interpolation between NBS 2013 (vintage) and 2020 (revised); population NBS yearbook 2021
海南,2019,5233.72,52600,995.0,interp_2013_2020,per-capita log-linear interpolation between NBS 2013 (vintage) and 2020 (revised); population NBS yearbook 2021
海南,2020,5640.8,56211,1003.5,nbs_revised_wiki,GDP and per-capita from NBS-revised series; population derived = GDP/pc
海南,2021,6508.9,64063,1016.0,nbs_revised_wiki,GDP and per-capita from NBS-revised series; population derived = GDP/pc
海南,2022,6912.8,67541,1023.5,nbs_revised_wiki,GDP and per-capita from NBS-revised series; population derived = GDP/pc
海南,2023,7590.2,73335,1035.0,nbs_revised_wiki,GDP and per-capita from NBS-revised series; population derived = GDP/pc
海南,2024,7972.7,75903,1050.4,nbs_revised_wiki,GDP and per-capita from NBS-revised series; population derived = GDP/pc
海南,2025,8108.85,77117,1051.5,nbs_revised_wiki,GDP and per-capita from NBS-revised series; population derived = GDP/pc
重庆,2000,1841.4,6451,2854.4,nbs_revised_wiki,GDP and per-capita from NBS-revised series; population derived = GDP/pc
重庆,2004,2692.81,9640,2793.3,nbs_yearbook_2009_derived,per-capita derived = GDP / year-end population (yearbook vintage)
重庆,2005,3467.72,12394,2798.0,nbs_yearbook_2010_derived,per-capita derived = GDP / year-end population (yearbook vintage)
重庆,2006,3907.23,13915,2808.0,nbs_yearbook_2011_derived,per-capita derived = GDP / year-end population (yearbook vintage)
重庆,2007,4676.13,16606,2816.0,nbs_yearbook_2012_derived,per-capita derived = GDP / year-end population (yearbook vintage)
重庆,2008,5793.66,20490,2839.0,nbs_yearbook_2013,per-capita as published (yearbook vintage)
重庆,2009,6530.01,22920,2859.0,nbs_yearbook_2014,per-capita as published (yearbook vintage)
重庆,2010,7925.58,27596,2884.6,nbs_yearbook_2014,per-capita as published (yearbook vintage)
重庆,2011,10011.37,34500,2944.0,nbs_yearbook_2014,per-capita as published (yearbook vintage)
重庆,2012,11409.6,38914,2975.0,nbs_yearbook_2014,per-capita as published (yearbook vintage)
重庆,2013,12656.69,42795,3011.0,nbs_yearbook_2014,per-capita as published (yearbook vintage)
重庆,2014,14205.54,46683,3043.0,interp_2013_2020,per-capita log-linear interpolation between NBS 2013 (vintage) and 2020 (revised); population NBS yearbook 2021
重庆,2015,15633.52,50924,3070.0,interp_2013_2020,per-capita log-linear interpolation between NBS 2013 (vintage) and 2020 (revised); population NBS yearbook 2021
重庆,2016,17275.93,55550,3110.0,interp_2013_2020,per-capita log-linear interpolation between NBS 2013 (vintage) and 2020 (revised); population NBS yearbook 2021
重庆,2017,19051.38,60596,3144.0,interp_2013_2020,per-capita log-linear interpolation between NBS 2013 (vintage) and 2020 (revised); population NBS yearbook 2021
重庆,2018,20907.67,66101,3163.0,interp_2013_2020,per-capita log-linear interpolation between NBS 2013 (vintage) and 2020 (revised); population NBS yearbook 2021
重庆,2019,22987.27,72106,3188.0,interp_2013_2020,per-capita log-linear interpolation between NBS 2013 (vintage) and 2020 (revised); population NBS yearbook 2021
重庆,2020,25158.1,78656,3198.5,nbs_revised_wiki,GDP and per-capita from NBS-revised series; population derived = GDP/pc
重庆,2021,28092.5,87502,3210.5,nbs_revised_wiki,GDP and per-capita from NBS-revised series; population derived = GDP/pc
重庆,2022,28771.8,89562,3212.5,nbs_revised_wiki,GDP and per-capita from NBS-revised series; population derived = GDP/pc
重庆,2023,30614.3,95610,3202.0,nbs_revised_wiki,GDP and per-capita from NBS-revised series; population derived = GDP/pc
重庆,2024,32046.7,100903,3176.0,nbs_revised_wiki,GDP and per-capita from NBS-revised series; population derived = GDP/pc
重庆,2025,33757.93,105862,3188.9,nbs_revised_wiki,GDP and per-capita from NBS-revised series; population derived = GDP/pc
四川,2000,3975.6,4886,8136.7,nbs_revised_wiki,GDP and per-capita from NBS-revised series; population derived = GDP/pc
四川,2004,6379.63,7886,8090.0,nbs_yearbook_2009_derived,per-capita derived = GDP / year-end population (yearbook vintage)
四川,2005,7385.1,8993,8212.0,nbs_yearbook_2010_derived,per-capita derived = GDP / year-end population (yearbook vintage)
四川,2006,8690.24,10638,8169.0,nbs_yearbook_2011_derived,per-capita derived = GDP / year-end population (yearbook vintage)
四川,2007,10562.39,12997,8127.0,nbs_yearbook_2012_derived,per-capita derived = GDP / year-end population (yearbook vintage)
四川,2008,12601.23,15495,8138.0,nbs_yearbook_2013,per-capita as published (yearbook vintage)
四川,2009,14151.28,17339,8185.0,nbs_yearbook_2014,per-capita as published (yearbook vintage)
四川,2010,17185.48,21182,8044.9,nbs_yearbook_2014,per-capita as published (yearbook vintage)
四川,2011,21026.68,26133,8064.0,nbs_yearbook_2014,per-capita as published (yearbook vintage)
四川,2012,23872.8,29608,8085.0,nbs_yearbook_2014,per-capita as published (yearbook vintage)
四川,2013,26260.77,32454,8109.0,nbs_yearbook_2014,per-capita as published (yearbook vintage)
四川,2014,28778.46,35359,8139.0,interp_2013_2020,per-capita log-linear interpolation between NBS 2013 (vintage) and 2020 (revised); population NBS yearbook 2021
四川,2015,31573.8,38523,8196.0,interp_2013_2020,per-capita log-linear interpolation between NBS 2013 (vintage) and 2020 (revised); population NBS yearbook 2021
四川,2016,34630.59,41971,8251.0,interp_2013_2020,per-capita log-linear interpolation between NBS 2013 (vintage) and 2020 (revised); population NBS yearbook 2021
四川,2017,37903.89,45728,8289.0,interp_2013_2020,per-capita log-linear interpolation between NBS 2013 (vintage) and 2020 (revised); population NBS yearbook 2021
四川,2018,41455.82,49821,8321.0,interp_2013_2020,per-capita log-linear interpolation between NBS 2013 (vintage) and 2020 (revised); population NBS yearbook 2021
四川,2019,45329.07,54280,8351.0,interp_2013_2020,per-capita log-linear interpolation between NBS 2013 (vintage) and 2020 (revised); population NBS yearbook 2021
四川,2020,49445.1,59138,8361.0,nbs_revised_wiki,GDP and per-capita from NBS-revised series; population derived = GDP/pc
四川,2021,55131.3,65856,8371.5,nbs_revised_wiki,GDP and per-capita from NBS-revised series; population derived = GDP/pc
四川,2022,57609.4,68804,8373.0,nbs_revised_wiki,GDP and per-capita from NBS-revised series; population derived = GDP/pc
四川,2023,61353.4,73293,8371.0,nbs_revised_wiki,GDP and per-capita from NBS-revised series; population derived = GDP/pc
四川,2024,64537.9,77333,8345.5,nbs_revised_wiki,GDP and per-capita from NBS-revised series; population derived = GDP/pc
四川,2025,67665.34,81124,8341.0,nbs_revised_wiki,GDP and per-capita from NBS-revised series; population derived = GDP/pc
贵州,2000,1040.4,2787,3733.0,nbs_revised_wiki,GDP and per-capita from NBS-revised series; population derived = GDP/pc
贵州,2004,1677.8,4298,3904.0,nbs_yearbook_2009_derived,per-capita derived = GDP / year-end population (yearbook vintage)
贵州,2005,2005.42,5376,3730.0,nbs_yearbook_2010_derived,per-capita derived = GDP / year-end population (yearbook vintage)
贵州,2006,2338.98,6339,3690.0,nbs_yearbook_2011_derived,per-capita derived = GDP / year-end population (yearbook vintage)
贵州,2007,2884.11,7941,3632.0,nbs_yearbook_2012_derived,per-capita derived = GDP / year-end population (yearbook vintage)
贵州,2008,3561.56,9855,3596.0,nbs_yearbook_2013,per-capita as published (yearbook vintage)
贵州,2009,3912.68,10971,3537.0,nbs_yearbook_2014,per-capita as published (yearbook vintage)
贵州,2010,4602.16,13119,3479.0,nbs_yearbook_2014,per-capita as published (yearbook vintage)
贵州,2011,5701.84,16413,3530.0,nbs_yearbook_2014,per-capita as published (yearbook vintage)
贵州,2012,6852.2,19710,3587.0,nbs_yearbook_2014,per-capita as published (yearbook vintage)
贵州,2013,8006.79,22922,3632.0,nbs_yearbook_2014,per-capita as published (yearbook vintage)
贵州,2014,9353.39,25438,3677.0,interp_2013_2020,per-capita log-linear interpolation between NBS 2013 (vintage) and 2020 (revised); population NBS yearbook 2021
贵州,2015,10467.52,28230,3708.0,interp_2013_2020,per-capita log-linear interpolation between NBS 2013 (vintage) and 2020 (revised); population NBS yearbook 2021
贵州,2016,11773.08,31328,3758.0,interp_2013_2020,per-capita log-linear interpolation between NBS 2013 (vintage) and 2020 (revised); population NBS yearbook 2021
贵州,2017,13221.73,34767,3803.0,interp_2013_2020,per-capita log-linear interpolation between NBS 2013 (vintage) and 2020 (revised); population NBS yearbook 2021
贵州,2018,14746.26,38583,3822.0,interp_2013_2020,per-capita log-linear interpolation between NBS 2013 (vintage) and 2020 (revised); population NBS yearbook 2021
贵州,2019,16476.13,42817,3848.0,interp_2013_2020,per-capita log-linear interpolation between NBS 2013 (vintage) and 2020 (revised); population NBS yearbook 2021
贵州,2020,18308.3,47517,3853.0,nbs_revised_wiki,GDP and per-capita from NBS-revised series; population derived = GDP/pc
贵州,2021,19921.3,51677,3855.0,nbs_revised_wiki,GDP and per-capita from NBS-revised series; population derived = GDP/pc
贵州,2022,20579.5,53398,3854.0,nbs_revised_wiki,GDP and per-capita from NBS-revised series; population derived = GDP/pc
贵州,2023,21513.7,55728,3860.5,nbs_revised_wiki,GDP and per-capita from NBS-revised series; population derived = GDP/pc
贵州,2024,22645.7,58685,3858.9,nbs_revised_wiki,GDP and per-capita from NBS-revised series; population derived = GDP/pc
贵州,2025,23562.17,61066,3858.5,nbs_revised_wiki,GDP and per-capita from NBS-revised series; population derived = GDP/pc
云南,2000,2052.3,4867,4216.8,nbs_revised_wiki,GDP and per-capita from NBS-revised series; population derived = GDP/pc
云南,2004,3081.91,6981,4415.0,nbs_yearbook_2009_derived,per-capita derived = GDP / year-end population (yearbook vintage)
云南,2005,3461.73,7778,4450.4,nbs_yearbook_2010_derived,per-capita derived = GDP / year-end population (yearbook vintage)
云南,2006,3988.14,8896,4483.0,nbs_yearbook_2011_derived,per-capita derived = GDP / year-end population (yearbook vintage)
云南,2007,4772.52,10573,4514.0,nbs_yearbook_2012_derived,per-capita derived = GDP / year-end population (yearbook vintage)
云南,2008,5692.12,12570,4543.0,nbs_yearbook_2013,per-capita as published (yearbook vintage)
云南,2009,6169.75,13539,4571.0,nbs_yearbook_2014,per-capita as published (yearbook vintage)
云南,2010,7224.18,15752,4601.6,nbs_yearbook_2014,per-capita as published (yearbook vintage)
云南,2011,8893.12,19265,4620.0,nbs_yearbook_2014,per-capita as published (yearbook vintage)
云南,2012,10309.47,22195,4631.0,nbs_yearbook_2014,per-capita as published (yearbook vintage)
云南,2013,11720.91,25083,4641.0,nbs_yearbook_2014,per-capita as published (yearbook vintage)
云南,2014,13002.97,27945,4653.0,interp_2013_2020,per-capita log-linear interpolation between NBS 2013 (vintage) and 2020 (revised); population NBS yearbook 2021
云南,2015,14517.95,31134,4663.0,interp_2013_2020,per-capita log-linear interpolation between NBS 2013 (vintage) and 2020 (revised); population NBS yearbook 2021
云南,2016,16223.23,34687,4677.0,interp_2013_2020,per-capita log-linear interpolation between NBS 2013 (vintage) and 2020 (revised); population NBS yearbook 2021
云南,2017,18136.39,38646,4693.0,interp_2013_2020,per-capita log-linear interpolation between NBS 2013 (vintage) and 2020 (revised); population NBS yearbook 2021
云南,2018,20249.09,43056,4703.0,interp_2013_2020,per-capita log-linear interpolation between NBS 2013 (vintage) and 2020 (revised); population NBS yearbook 2021
云南,2019,22612.59,47969,4714.0,interp_2013_2020,per-capita log-linear interpolation between NBS 2013 (vintage) and 2020 (revised); population NBS yearbook 2021
云南,2020,25214.5,53443,4718.0,nbs_revised_wiki,GDP and per-capita from NBS-revised series; population derived = GDP/pc
云南,2021,27895.3,59276,4706.0,nbs_revised_wiki,GDP and per-capita from NBS-revised series; population derived = GDP/pc
云南,2022,29301.1,62456,4691.5,nbs_revised_wiki,GDP and per-capita from NBS-revised series; population derived = GDP/pc
云南,2023,30595.8,65334,4683.0,nbs_revised_wiki,GDP and per-capita from NBS-revised series; population derived = GDP/pc
云南,2024,31423.4,67612,4647.6,nbs_revised_wiki,GDP and per-capita from NBS-revised series; population derived = GDP/pc
云南,2025,32765.78,70472,4649.5,nbs_revised_wiki,GDP and per-capita from NBS-revised series; population derived = GDP/pc
西藏,2000,118.9,4607,258.1,nbs_revised_wiki,GDP and per-capita from NBS-revised series; population derived = GDP/pc
西藏,2004,220.34,7973,276.4,nbs_yearbook_2009_derived,per-capita derived = GDP / year-end population (yearbook vintage)
西藏,2005,248.8,8876,280.3,nbs_yearbook_2010_derived,per-capita derived = GDP / year-end population (yearbook vintage)
西藏,2006,290.76,10199,285.1,nbs_yearbook_2011_derived,per-capita derived = GDP / year-end population (yearbook vintage)
西藏,2007,341.43,11821,288.8,nbs_yearbook_2012_derived,per-capita derived = GDP / year-end population (yearbook vintage)
西藏,2008,394.85,13824,292.3,nbs_yearbook_2013,per-capita as published (yearbook vintage)
西藏,2009,441.36,15295,295.8,nbs_yearbook_2014,per-capita as published (yearbook vintage)
西藏,2010,507.46,17319,300.2,nbs_yearbook_2014,per-capita as published (yearbook vintage)
西藏,2011,605.83,20077,309.0,nbs_yearbook_2014,per-capita as published (yearbook vintage)
西藏,2012,701.03,22936,315.0,nbs_yearbook_2014,per-capita as published (yearbook vintage)
西藏,2013,807.67,26068,317.0,nbs_yearbook_2014,per-capita as published (yearbook vintage)
西藏,2014,939.67,28913,325.0,interp_2013_2020,per-capita log-linear interpolation between NBS 2013 (vintage) and 2020 (revised); population NBS yearbook 2021
西藏,2015,1058.25,32068,330.0,interp_2013_2020,per-capita log-linear interpolation between NBS 2013 (vintage) and 2020 (revised); population NBS yearbook 2021
西藏,2016,1209.3,35568,340.0,interp_2013_2020,per-capita log-linear interpolation between NBS 2013 (vintage) and 2020 (revised); population NBS yearbook 2021
西藏,2017,1376.77,39449,349.0,interp_2013_2020,per-capita log-linear interpolation between NBS 2013 (vintage) and 2020 (revised); population NBS yearbook 2021
西藏,2018,1548.9,43754,354.0,interp_2013_2020,per-capita log-linear interpolation between NBS 2013 (vintage) and 2020 (revised); population NBS yearbook 2021
西藏,2019,1751.9,48529,361.0,interp_2013_2020,per-capita log-linear interpolation between NBS 2013 (vintage) and 2020 (revised); population NBS yearbook 2021
西藏,2020,1956.5,53825,363.5,nbs_revised_wiki,GDP and per-capita from NBS-revised series; population derived = GDP/pc
西藏,2021,2145.1,58609,366.0,nbs_revised_wiki,GDP and per-capita from NBS-revised series; population derived = GDP/pc
西藏,2022,2235.4,61244,365.0,nbs_revised_wiki,GDP and per-capita from NBS-revised series; population derived = GDP/pc
西藏,2023,2532.9,69489,364.5,nbs_revised_wiki,GDP and per-capita from NBS-revised series; population derived = GDP/pc
西藏,2024,2789.1,75237,370.7,nbs_revised_wiki,GDP and per-capita from NBS-revised series; population derived = GDP/pc
西藏,2025,3031.89,81502,372.0,nbs_revised_wiki,GDP and per-capita from NBS-revised series; population derived = GDP/pc
陕西,2000,1823.3,5022,3630.6,nbs_revised_wiki,GDP and per-capita from NBS-revised series; population derived = GDP/pc
陕西,2004,3175.58,8626,3681.2,nbs_yearbook_2009_derived,per-capita derived = GDP / year-end population (yearbook vintage)
陕西,2005,3933.72,10660,3690.0,nbs_yearbook_2010_derived,per-capita derived = GDP / year-end population (yearbook vintage)
陕西,2006,4743.61,12824,3699.0,nbs_yearbook_2011_derived,per-capita derived = GDP / year-end population (yearbook vintage)
陕西,2007,5757.29,15527,3708.0,nbs_yearbook_2012_derived,per-capita derived = GDP / year-end population (yearbook vintage)
陕西,2008,7314.58,19700,3718.0,nbs_yearbook_2013,per-capita as published (yearbook vintage)
陕西,2009,8169.8,21947,3727.0,nbs_yearbook_2014,per-capita as published (yearbook vintage)
陕西,2010,10123.48,27133,3735.0,nbs_yearbook_2014,per-capita as published (yearbook vintage)
陕西,2011,12512.3,33464,3765.0,nbs_yearbook_2014,per-capita as published (yearbook vintage)
陕西,2012,14453.68,38564,3787.0,nbs_yearbook_2014,per-capita as published (yearbook vintage)
陕西,2013,16045.21,42692,3804.0,nbs_yearbook_2014,per-capita as published (yearbook vintage)
陕西,2014,17409.2,45490,3827.0,interp_2013_2020,per-capita log-linear interpolation between NBS 2013 (vintage) and 2020 (revised); population NBS yearbook 2021
陕西,2015,18642.47,48472,3846.0,interp_2013_2020,per-capita log-linear interpolation between NBS 2013 (vintage) and 2020 (revised); population NBS yearbook 2021
陕西,2016,20009.1,51650,3874.0,interp_2013_2020,per-capita log-linear interpolation between NBS 2013 (vintage) and 2020 (revised); population NBS yearbook 2021
陕西,2017,21485.81,55035,3904.0,interp_2013_2020,per-capita log-linear interpolation between NBS 2013 (vintage) and 2020 (revised); population NBS yearbook 2021
陕西,2018,23052.54,58643,3931.0,interp_2013_2020,per-capita log-linear interpolation between NBS 2013 (vintage) and 2020 (revised); population NBS yearbook 2021
陕西,2019,24644.86,62487,3944.0,interp_2013_2020,per-capita log-linear interpolation between NBS 2013 (vintage) and 2020 (revised); population NBS yearbook 2021
陕西,2020,26297.0,66583,3949.5,nbs_revised_wiki,GDP and per-capita from NBS-revised series; population derived = GDP/pc
陕西,2021,30476.6,77068,3954.5,nbs_revised_wiki,GDP and per-capita from NBS-revised series; population derived = GDP/pc
陕西,2022,33035.6,83529,3955.0,nbs_revised_wiki,GDP and per-capita from NBS-revised series; population derived = GDP/pc
陕西,2023,33976.5,85929,3954.0,nbs_revised_wiki,GDP and per-capita from NBS-revised series; population derived = GDP/pc
陕西,2024,35437.1,89915,3941.2,nbs_revised_wiki,GDP and per-capita from NBS-revised series; population derived = GDP/pc
陕西,2025,36551.1,92663,3944.5,nbs_revised_wiki,GDP and per-capita from NBS-revised series; population derived = GDP/pc
甘肃,2000,1061.4,4197,2528.9,nbs_revised_wiki,GDP and per-capita from NBS-revised series; population derived = GDP/pc
甘肃,2004,1688.49,6644,2541.5,nbs_yearbook_2009_derived,per-capita derived = GDP / year-end population (yearbook vintage)
甘肃,2005,1933.98,7599,2545.1,nbs_yearbook_2010_derived,per-capita derived = GDP / year-end population (yearbook vintage)
甘肃,2006,2276.7,8939,2546.8,nbs_yearbook_2011_derived,per-capita derived = GDP / year-end population (yearbook vintage)
甘肃,2007,2702.4,10605,2548.2,nbs_yearbook_2012_derived,per-capita derived = GDP / year-end population (yearbook vintage)
甘肃,2008,3166.82,12421,2550.9,nbs_yearbook_2013,per-capita as published (yearbook vintage)
甘肃,2009,3387.56,13269,2554.9,nbs_yearbook_2014,per-capita as published (yearbook vintage)
甘肃,2010,4120.75,16113,2560.0,nbs_yearbook_2014,per-capita as published (yearbook vintage)
甘肃,2011,5020.37,19595,2552.0,nbs_yearbook_2014,per-capita as published (yearbook vintage)
甘肃,2012,5650.2,21978,2550.0,nbs_yearbook_2014,per-capita as published (yearbook vintage)
甘肃,2013,6268.01,24296,2537.0,nbs_yearbook_2014,per-capita as published (yearbook vintage)
甘肃,2014,6535.62,25822,2531.0,interp_2013_2020,per-capita log-linear interpolation between NBS 2013 (vintage) and 2020 (revised); population NBS yearbook 2021
甘肃,2015,6924.23,27444,2523.0,interp_2013_2020,per-capita log-linear interpolation between NBS 2013 (vintage) and 2020 (revised); population NBS yearbook 2021
甘肃,2016,7350.46,29168,2520.0,interp_2013_2020,per-capita log-linear interpolation between NBS 2013 (vintage) and 2020 (revised); population NBS yearbook 2021
甘肃,2017,7818.42,31001,2522.0,interp_2013_2020,per-capita log-linear interpolation between NBS 2013 (vintage) and 2020 (revised); population NBS yearbook 2021
甘肃,2018,8286.51,32948,2515.0,interp_2013_2020,per-capita log-linear interpolation between NBS 2013 (vintage) and 2020 (revised); population NBS yearbook 2021
甘肃,2019,8786.06,35018,2509.0,interp_2013_2020,per-capita log-linear interpolation between NBS 2013 (vintage) and 2020 (revised); population NBS yearbook 2021
甘肃,2020,9323.1,37218,2505.0,nbs_revised_wiki,GDP and per-capita from NBS-revised series; population derived = GDP/pc
甘肃,2021,10608.0,42508,2495.5,nbs_revised_wiki,GDP and per-capita from NBS-revised series; population derived = GDP/pc
甘肃,2022,11553.6,46381,2491.0,nbs_revised_wiki,GDP and per-capita from NBS-revised series; population derived = GDP/pc
甘肃,2023,12345.7,49811,2478.5,nbs_revised_wiki,GDP and per-capita from NBS-revised series; population derived = GDP/pc
甘肃,2024,13020.5,52825,2464.8,nbs_revised_wiki,GDP and per-capita from NBS-revised series; population derived = GDP/pc
甘肃,2025,13697.5,55897,2450.5,nbs_revised_wiki,GDP and per-capita from NBS-revised series; population derived = GDP/pc
青海,2000,266.6,5191,513.6,nbs_revised_wiki,GDP and per-capita from NBS-revised series; population derived = GDP/pc
青海,2004,466.1,8647,539.0,nbs_yearbook_2009_derived,per-capita derived = GDP / year-end population (yearbook vintage)
青海,2005,543.32,10002,543.2,nbs_yearbook_2010_derived,per-capita derived = GDP / year-end population (yearbook vintage)
青海,2006,648.5,11840,547.7,nbs_yearbook_2011_derived,per-capita derived = GDP / year-end population (yearbook vintage)
青海,2007,797.35,14455,551.6,nbs_yearbook_2012_derived,per-capita derived = GDP / year-end population (yearbook vintage)
青海,2008,1018.62,18421,554.3,nbs_yearbook_2013,per-capita as published (yearbook vintage)
青海,2009,1081.27,19454,557.3,nbs_yearbook_2014,per-capita as published (yearbook vintage)
青海,2010,1350.43,24115,563.5,nbs_yearbook_2014,per-capita as published (yearbook vintage)
青海,2011,1670.44,29522,568.0,nbs_yearbook_2014,per-capita as published (yearbook vintage)
青海,2012,1893.54,33181,571.0,nbs_yearbook_2014,per-capita as published (yearbook vintage)
青海,2013,2101.05,36510,571.0,nbs_yearbook_2014,per-capita as published (yearbook vintage)
青海,2014,2212.45,38411,576.0,interp_2013_2020,per-capita log-linear interpolation between NBS 2013 (vintage) and 2020 (revised); population NBS yearbook 2021
青海,2015,2331.65,40410,577.0,interp_2013_2020,per-capita log-linear interpolation between NBS 2013 (vintage) and 2020 (revised); population NBS yearbook 2021
青海,2016,2474.28,42513,582.0,interp_2013_2020,per-capita log-linear interpolation between NBS 2013 (vintage) and 2020 (revised); population NBS yearbook 2021
青海,2017,2620.97,44726,586.0,interp_2013_2020,per-capita log-linear interpolation between NBS 2013 (vintage) and 2020 (revised); population NBS yearbook 2021
青海,2018,2762.11,47055,587.0,interp_2013_2020,per-capita log-linear interpolation between NBS 2013 (vintage) and 2020 (revised); population NBS yearbook 2021
青海,2019,2920.74,49504,590.0,interp_2013_2020,per-capita log-linear interpolation between NBS 2013 (vintage) and 2020 (revised); population NBS yearbook 2021
青海,2020,3080.6,52081,591.5,nbs_revised_wiki,GDP and per-capita from NBS-revised series; population derived = GDP/pc
青海,2021,3446.3,58067,593.5,nbs_revised_wiki,GDP and per-capita from NBS-revised series; population derived = GDP/pc
青海,2022,3677.4,61857,594.5,nbs_revised_wiki,GDP and per-capita from NBS-revised series; population derived = GDP/pc
青海,2023,3849.2,64747,594.5,nbs_revised_wiki,GDP and per-capita from NBS-revised series; population derived = GDP/pc
青海,2024,3965.5,66568,595.7,nbs_revised_wiki,GDP and per-capita from NBS-revised series; population derived = GDP/pc
青海,2025,4121.84,69567,592.5,nbs_revised_wiki,GDP and per-capita from NBS-revised series; population derived = GDP/pc
宁夏,2000,297.7,5428,548.5,nbs_revised_wiki,GDP and per-capita from NBS-revised series; population derived = GDP/pc
宁夏,2004,537.16,9135,588.0,nbs_yearbook_2009_derived,per-capita derived = GDP / year-end population (yearbook vintage)
宁夏,2005,612.61,10275,596.2,nbs_yearbook_2010_derived,per-capita derived = GDP / year-end population (yearbook vintage)
宁夏,2006,725.9,12024,603.7,nbs_yearbook_2011_derived,per-capita derived = GDP / year-end population (yearbook vintage)
宁夏,2007,919.11,15061,610.2,nbs_yearbook_2012_derived,per-capita derived = GDP / year-end population (yearbook vintage)
宁夏,2008,1203.92,19609,617.7,nbs_yearbook_2013,per-capita as published (yearbook vintage)
宁夏,2009,1353.31,21777,625.2,nbs_yearbook_2014,per-capita as published (yearbook vintage)
宁夏,2010,1689.65,26860,633.0,nbs_yearbook_2014,per-capita as published (yearbook vintage)
宁夏,2011,2102.21,33043,648.0,nbs_yearbook_2014,per-capita as published (yearbook vintage)
宁夏,2012,2341.29,36394,659.0,nbs_yearbook_2014,per-capita as published (yearbook vintage)
宁夏,2013,2565.06,39420,666.0,nbs_yearbook_2014,per-capita as published (yearbook vintage)
宁夏,2014,2811.11,41462,678.0,interp_2013_2020,per-capita log-linear interpolation between NBS 2013 (vintage) and 2020 (revised); population NBS yearbook 2021
宁夏,2015,2982.89,43609,684.0,interp_2013_2020,per-capita log-linear interpolation between NBS 2013 (vintage) and 2020 (revised); population NBS yearbook 2021
宁夏,2016,3187.85,45868,695.0,interp_2013_2020,per-capita log-linear interpolation between NBS 2013 (vintage) and 2020 (revised); population NBS yearbook 2021
宁夏,2017,3401.22,48244,705.0,interp_2013_2020,per-capita log-linear interpolation between NBS 2013 (vintage) and 2020 (revised); population NBS yearbook 2021
宁夏,2018,3602.76,50743,710.0,interp_2013_2020,per-capita log-linear interpolation between NBS 2013 (vintage) and 2020 (revised); population NBS yearbook 2021
宁夏,2019,3826.74,53371,717.0,interp_2013_2020,per-capita log-linear interpolation between NBS 2013 (vintage) and 2020 (revised); population NBS yearbook 2021
宁夏,2020,4036.2,56136,719.0,nbs_revised_wiki,GDP and per-capita from NBS-revised series; population derived = GDP/pc
宁夏,2021,4666.5,64543,723.0,nbs_revised_wiki,GDP and per-capita from NBS-revised series; population derived = GDP/pc
宁夏,2022,5168.1,71137,726.5,nbs_revised_wiki,GDP and per-capita from NBS-revised series; population derived = GDP/pc
宁夏,2023,5368.8,73696,728.5,nbs_revised_wiki,GDP and per-capita from NBS-revised series; population derived = GDP/pc
宁夏,2024,5520.2,75484,731.3,nbs_revised_wiki,GDP and per-capita from NBS-revised series; population derived = GDP/pc
宁夏,2025,5696.49,77981,730.5,nbs_revised_wiki,GDP and per-capita from NBS-revised series; population derived = GDP/pc
新疆,2000,1374.1,7429,1849.6,nbs_revised_wiki,GDP and per-capita from NBS-revised series; population derived = GDP/pc
新疆,2004,2209.09,11254,1963.0,nbs_yearbook_2009_derived,per-capita derived = GDP / year-end population (yearbook vintage)
新疆,2005,2604.19,12954,2010.3,nbs_yearbook_2010_derived,per-capita derived = GDP / year-end population (yearbook vintage)
新疆,2006,3045.26,14855,2050.0,nbs_yearbook_2011_derived,per-capita derived = GDP / year-end population (yearbook vintage)
新疆,2007,3523.16,16815,2095.2,nbs_yearbook_2012_derived,per-capita derived = GDP / year-end population (yearbook vintage)
新疆,2008,4183.21,19797,2130.8,nbs_yearbook_2013,per-capita as published (yearbook vintage)
新疆,2009,4277.05,19942,2158.6,nbs_yearbook_2014,per-capita as published (yearbook vintage)
新疆,2010,5437.47,25034,2185.0,nbs_yearbook_2014,per-capita as published (yearbook vintage)
新疆,2011,6610.05,30087,2225.0,nbs_yearbook_2014,per-capita as published (yearbook vintage)
新疆,2012,7505.31,33796,2253.0,nbs_yearbook_2014,per-capita as published (yearbook vintage)
新疆,2013,8360.24,37181,2285.0,nbs_yearbook_2014,per-capita as published (yearbook vintage)
新疆,2014,9151.3,39360,2325.0,interp_2013_2020,per-capita log-linear interpolation between NBS 2013 (vintage) and 2020 (revised); population NBS yearbook 2021
新疆,2015,9937.74,41668,2385.0,interp_2013_2020,per-capita log-linear interpolation between NBS 2013 (vintage) and 2020 (revised); population NBS yearbook 2021
新疆,2016,10709.93,44110,2428.0,interp_2013_2020,per-capita log-linear interpolation between NBS 2013 (vintage) and 2020 (revised); population NBS yearbook 2021
新疆,2017,11580.54,46696,2480.0,interp_2013_2020,per-capita log-linear interpolation between NBS 2013 (vintage) and 2020 (revised); population NBS yearbook 2021
新疆,2018,12457.09,49433,2520.0,interp_2013_2020,per-capita log-linear interpolation between NBS 2013 (vintage) and 2020 (revised); population NBS yearbook 2021
新疆,2019,13391.38,52331,2559.0,interp_2013_2020,per-capita log-linear interpolation between NBS 2013 (vintage) and 2020 (revised); population NBS yearbook 2021
新疆,2020,14262.2,55398,2574.5,nbs_revised_wiki,GDP and per-capita from NBS-revised series; population derived = GDP/pc
新疆,2021,16791.5,64845,2589.5,nbs_revised_wiki,GDP and per-capita from NBS-revised series; population derived = GDP/pc
新疆,2022,18550.5,71679,2588.0,nbs_revised_wiki,GDP and per-capita from NBS-revised series; population derived = GDP/pc
新疆,2023,19603.3,75616,2592.5,nbs_revised_wiki,GDP and per-capita from NBS-revised series; population derived = GDP/pc
新疆,2024,20492.4,78660,2605.2,nbs_revised_wiki,GDP and per-capita from NBS-revised series; population derived = GDP/pc
新疆,2025,21462.0,81577,2630.9,nbs_revised_wiki,GDP and per-capita from NBS-revised series; population derived = GDP/pc
